date,CA_1,CA_2,CA_3,CA_4
2011-01-29,10933.16,9101.52,11679.83,4561.59
2011-01-30,9787.06,8417.53,12161.460000000001,4681.41
2011-01-31,7201.38,5320.51,9123.86,3637.98
2011-02-01,7407.74,5550.56,10249.78,3708.92
2011-02-02,6566.12,5229.72,9538.65,3841.14
2011-02-03,7945.73,5722.88,10407.26,3420.46
2011-02-04,8546.76,7099.03,11640.09,3965.84
2011-02-05,13375.4,10396.81,13721.66,4990.9
2011-02-06,10591.43,8288.25,14462.15,4714.09
2011-02-07,7704.54,5987.1,11940.49,3985.17
2011-02-08,7848.65,6006.15,11286.13,3633.39
2011-02-09,6937.64,5486.01,10938.55,3368.97
2011-02-10,7759.82,6223.39,12148.75,3877.91
2011-02-11,8589.23,7580.03,11778.01,3862.11
2011-02-12,11516.6,10513.28,13604.53,4219.47
2011-02-13,12010.84,10703.710000000001,15408.56,5455.49
2011-02-14,7357.19,5217.48,9192.630000000001,3460.92
2011-02-15,6376.43,5559.33,9894.83,3986.9
2011-02-16,5993.4,5421.54,9895.3,3528.21
2011-02-17,5798.32,5209.19,8903.18,3168.0
2011-02-18,8667.37,6704.45,9306.4,4241.65
2011-02-19,11221.92,9046.66,13070.74,4712.79
2011-02-20,10639.78,9486.79,13522.98,4452.87
2011-02-21,8847.26,7926.37,12338.05,4425.69
2011-02-22,6355.31,5394.3,9707.96,3528.56
2011-02-23,6197.29,5550.77,8883.16,3555.49
2011-02-24,5991.66,4855.61,8966.16,3090.91
2011-02-25,7513.57,6354.13,10104.59,3781.53
2011-02-26,9827.54,9773.58,13527.7,4511.62
2011-02-27,9947.56,8389.28,12572.61,4692.87
2011-02-28,6152.81,5522.2,10293.09,3769.12
2011-03-01,7105.39,5510.73,10659.85,3903.39
2011-03-02,6679.94,5575.73,10591.43,3624.16
2011-03-03,7233.0,6160.62,10878.99,3742.89
2011-03-04,8303.6,6297.09,10436.19,4142.97
2011-03-05,10823.55,9888.36,13811.14,4565.52
2011-03-06,12041.49,10155.66,16542.05,5628.63
2011-03-07,8182.63,5738.98,11756.0,4245.24
2011-03-08,7624.81,5441.57,10863.58,3925.97
2011-03-09,7082.99,5593.31,9776.68,3527.26
2011-03-10,6738.09,5759.67,10846.68,3895.54
2011-03-11,8580.3,7232.88,10719.77,4027.85
2011-03-12,10785.64,9566.6,12864.32,4651.86
2011-03-13,10987.76,9675.59,14319.84,4836.76
2011-03-14,7551.39,5788.02,11284.29,4227.43
2011-03-15,6341.98,5327.71,9877.19,3688.34
2011-03-16,6861.56,5724.2699999999995,10111.95,4017.91
2011-03-17,6663.34,5935.47,9768.25,3481.41
2011-03-18,7796.06,6472.51,9633.37,4135.52
2011-03-19,11266.27,10365.8,14240.72,4518.76
2011-03-20,11011.93,9807.66,14534.91,4604.35
2011-03-21,7001.74,6015.17,11276.25,4137.43
2011-03-22,6609.07,5949.5,10001.02,3586.54
2011-03-23,5530.89,5769.88,8794.17,3336.11
2011-03-24,6001.02,4708.86,7939.7,2776.9
2011-03-25,7554.65,7777.63,10846.97,4074.3
2011-03-26,10507.55,9677.7,13587.41,4381.75
2011-03-27,10845.91,9467.72,13364.9,4301.07
2011-03-28,7193.31,5959.39,10291.62,3594.55
2011-03-29,6302.38,5770.59,8216.85,3322.99
2011-03-30,5680.53,5106.76,9192.32,3341.04
2011-03-31,6717.91,6279.75,9305.15,3799.91
2011-04-01,9653.04,7729.69,11770.88,4382.98
2011-04-02,11933.93,10040.8,14332.7,4971.83
2011-04-03,11937.25,9501.13,15459.27,4943.87
2011-04-04,9240.1,6588.38,12927.42,4449.37
2011-04-05,7439.11,5885.36,11194.89,4029.9
2011-04-06,7200.88,5955.23,10950.24,3918.23
2011-04-07,8019.64,6154.0,10837.74,3880.28
2011-04-08,8998.74,6777.69,10832.56,4009.31
2011-04-09,11294.94,9945.79,13726.7,4751.8
2011-04-10,11463.66,9566.09,15535.630000000001,5495.19
2011-04-11,8184.35,6387.15,11360.6,4717.39
2011-04-12,7134.55,4994.43,9680.39,3985.09
2011-04-13,6325.99,5334.05,9271.98,3503.85
2011-04-14,6697.65,5803.64,9738.84,3766.39
2011-04-15,8403.16,6655.15,11331.61,3977.67
2011-04-16,10095.54,9249.7,13295.92,4617.26
2011-04-17,10922.0,9120.98,14131.84,5355.65
2011-04-18,7876.82,5437.52,11105.78,4124.81
2011-04-19,6805.62,5841.31,9444.89,4249.99
2011-04-20,6696.54,5537.75,9726.52,3796.24
2011-04-21,7665.0599999999995,5815.56,9405.4,3590.22
2011-04-22,9452.05,7030.91,11112.039999999999,4366.21
2011-04-23,12226.64,9638.49,13165.84,5532.19
2011-04-24,8946.23,8646.72,12859.0,3990.12
2011-04-25,6845.18,5884.82,9495.97,3355.09
2011-04-26,6158.45,5280.89,9497.77,3263.72
2011-04-27,6000.03,5405.2300000000005,8862.82,3266.97
2011-04-28,6222.37,5752.52,8266.53,3332.18
2011-04-29,8190.37,6783.28,9247.19,4343.09
2011-04-30,10582.54,9276.74,12364.52,4587.31
2011-05-01,10369.27,8948.66,12467.68,5095.9
2011-05-02,8208.210000000001,5841.98,11865.41,4183.42
2011-05-03,8065.92,5988.23,11759.34,4537.02
2011-05-04,7386.85,5448.36,10549.08,3852.77
2011-05-05,6408.13,5771.82,9468.95,3754.44
2011-05-06,8817.63,6742.14,11259.34,4328.8
2011-05-07,10607.1,7904.96,12629.02,4275.1
2011-05-08,8997.65,7717.91,11745.960000000001,3950.04
2011-05-09,9031.62,6173.11,12416.4,4794.9
2011-05-10,7746.52,5779.38,10930.57,4510.71
2011-05-11,7389.64,5659.02,10308.06,4354.93
2011-05-12,6365.48,6024.32,10357.72,3929.19
2011-05-13,8633.17,6787.51,11300.5,4619.29
2011-05-14,11066.05,9758.79,11959.01,4599.07
2011-05-15,11331.99,9498.94,13607.74,5234.12
2011-05-16,7376.92,5666.89,10446.35,3916.13
2011-05-17,6410.46,5580.94,9620.88,3541.55
2011-05-18,6305.24,5342.36,8776.85,3801.07
2011-05-19,6283.1,5754.32,9150.86,3460.05
2011-05-20,7712.63,6945.47,9919.79,4138.07
2011-05-21,9840.08,8519.79,12520.01,4587.79
2011-05-22,10275.18,7850.24,12636.3,4895.24
2011-05-23,7102.25,5633.71,10127.87,4399.7300000000005
2011-05-24,5967.01,4914.58,9242.94,3834.72
2011-05-25,6023.82,5860.88,9166.19,3904.11
2011-05-26,6476.9800000000005,6089.03,9376.36,3968.56
2011-05-27,7629.32,6898.58,9770.56,4331.68
2011-05-28,9389.62,7613.64,10911.77,4074.03
2011-05-29,9543.55,7246.74,11090.47,4107.68
2011-05-30,8698.94,7379.42,11759.78,4493.63
2011-05-31,6288.03,5554.14,9556.11,3843.25
2011-06-01,7615.88,5438.34,11305.4,3787.62
2011-06-02,7533.21,5758.57,10854.8,3874.44
2011-06-03,9376.68,6398.58,12645.93,4431.69
2011-06-04,11791.85,8374.8,14692.43,5082.24
2011-06-05,11363.81,8973.77,15220.83,4986.8
2011-06-06,9217.19,5872.75,12662.1,4664.81
2011-06-07,8093.26,6160.48,12255.83,4238.47
2011-06-08,7690.96,6118.6,11969.67,3749.39
2011-06-09,7537.13,6148.56,10820.13,3739.53
2011-06-10,9757.75,7538.35,12492.21,4481.7300000000005
2011-06-11,10387.86,8640.35,12720.08,4876.32
2011-06-12,10716.1,9172.69,14654.32,4913.59
2011-06-13,8943.69,6584.08,12023.710000000001,4338.2
2011-06-14,7772.91,6333.96,11098.210000000001,3922.89
2011-06-15,7439.2300000000005,6330.64,11553.97,4173.66
2011-06-16,7385.1,6812.06,10782.710000000001,3894.15
2011-06-17,8718.8,7045.2300000000005,11326.04,3947.02
2011-06-18,10779.91,8346.43,12507.99,4629.41
2011-06-19,8746.64,7827.85,12869.79,4165.39
2011-06-20,7908.54,6985.94,12319.34,4411.09
2011-06-21,8014.56,6226.11,11222.64,2303.9
2011-06-22,6962.53,6232.37,11432.69,3884.64
2011-06-23,8014.77,6733.46,10785.95,4439.02
2011-06-24,8637.69,7263.16,11518.17,4394.9
2011-06-25,9331.62,8621.86,12089.64,4152.74
2011-06-26,10677.98,8866.5,13537.4,4409.01
2011-06-27,7976.21,6215.26,10660.79,4463.93
2011-06-28,6343.63,4914.91,9204.42,4006.46
2011-06-29,6444.22,6146.37,9694.41,3401.14
2011-06-30,7374.63,6425.37,10230.52,3971.18
2011-07-01,10873.94,8158.81,13687.86,4750.31
2011-07-02,11889.39,9355.94,15251.58,5058.68
2011-07-03,10798.74,7963.1,13567.04,4643.7300000000005
2011-07-04,7405.67,6983.4,11289.74,4174.8
2011-07-05,9043.65,7016.22,13769.72,4673.51
2011-07-06,9126.16,6784.58,13364.09,4591.44
2011-07-07,9310.35,6959.91,13966.32,4213.92
2011-07-08,9589.89,8197.34,13773.33,5174.31
2011-07-09,11858.95,9166.99,15528.28,4582.62
2011-07-10,12977.57,9310.210000000001,15754.49,5028.55
2011-07-11,8344.87,6684.16,13017.74,4311.02
2011-07-12,6634.84,5804.85,11417.97,4013.6
2011-07-13,7438.39,6375.14,10531.29,3981.96
2011-07-14,7455.63,6658.44,10917.6,4051.56
2011-07-15,8581.96,7299.53,11785.11,4355.29
2011-07-16,10705.14,9823.15,13741.79,4914.06
2011-07-17,11077.25,9154.92,15344.05,5185.62
2011-07-18,8274.61,6634.58,12002.6,4487.83
2011-07-19,6929.68,6082.24,10543.22,3892.3
2011-07-20,7072.9,6089.9800000000005,10807.17,4181.37
2011-07-21,7671.96,6536.25,10827.36,4154.24
2011-07-22,8964.03,7633.44,12326.97,4059.21
2011-07-23,10679.09,9387.55,14403.79,4589.27
2011-07-24,10604.67,9281.56,14438.57,4692.83
2011-07-25,8188.89,6338.08,11092.93,4122.89
2011-07-26,6779.46,5869.85,10208.630000000001,4083.04
2011-07-27,6934.41,6425.07,9909.8,3803.03
2011-07-28,7125.14,6212.31,10282.52,3937.31
2011-07-29,8702.79,7758.25,11303.76,4157.93
2011-07-30,9046.15,9507.85,13942.05,4942.5
2011-07-31,10102.3,8795.22,14960.11,5026.4800000000005
2011-08-01,8416.95,6692.52,13396.12,4561.16
2011-08-02,8365.25,6230.33,13026.39,4316.47
2011-08-03,8469.28,6594.47,12903.3,4080.9
2011-08-04,8703.92,6002.06,11945.04,3744.89
2011-08-05,9877.53,7269.81,12010.69,4181.47
2011-08-06,10633.51,8980.5,13759.44,4652.96
2011-08-07,11778.28,8873.75,16484.35,4984.28
2011-08-08,9203.07,5993.91,13553.74,4142.69
2011-08-09,8035.14,6100.95,13297.8,4209.35
2011-08-10,8235.29,6444.79,14400.24,3906.33
2011-08-11,8079.72,6510.12,11380.18,4350.08
2011-08-12,9134.72,7711.59,12730.93,4817.76
2011-08-13,11899.55,9371.38,14851.51,5160.74
2011-08-14,11823.12,9668.7,16535.22,5601.51
2011-08-15,8241.47,6893.5,13617.12,4763.4
2011-08-16,7419.21,6462.86,12899.33,4089.69
2011-08-17,7406.22,6309.02,11271.11,4542.54
2011-08-18,7413.74,6617.17,10523.08,4224.62
2011-08-19,8305.12,6858.59,11785.78,4172.4
2011-08-20,10730.25,9434.14,15170.57,4915.43
2011-08-21,13176.9,10111.2,16794.35,5862.23
2011-08-22,7830.3,6229.24,13800.27,4565.74
2011-08-23,6717.61,6428.27,11536.01,4048.7400000000002
2011-08-24,6866.56,6052.0,11211.43,4241.06
2011-08-25,6952.91,5941.17,10470.03,4184.39
2011-08-26,8283.88,7213.44,11297.73,4341.78
2011-08-27,10671.16,9949.52,13905.27,4839.56
2011-08-28,10746.75,9632.51,14603.06,5738.57
2011-08-29,6790.31,6373.86,11043.46,4410.06
2011-08-30,5792.86,5713.08,10297.35,3673.89
2011-08-31,6393.03,6005.5,9753.04,3901.26
2011-09-01,7582.42,6346.59,12047.52,4562.54
2011-09-02,9349.8,7016.48,13219.04,4509.11
2011-09-03,11095.07,9149.63,14562.22,5628.43
2011-09-04,10261.58,8319.66,14782.2,4472.67
2011-09-05,9981.73,8920.88,15118.53,5288.77
2011-09-06,8497.81,6339.03,14491.1,4606.02
2011-09-07,7709.29,5856.92,13964.27,4138.84
2011-09-08,8236.06,6350.07,12848.66,4403.1
2011-09-09,9326.27,6652.58,14281.22,4636.9
2011-09-10,11409.36,9874.18,16320.47,5346.11
2011-09-11,12457.39,9553.09,17764.03,5894.68
2011-09-12,8341.74,6191.54,12393.37,4893.38
2011-09-13,6834.94,5681.58,11636.98,4238.33
2011-09-14,6071.7300000000005,6374.35,11136.25,3888.4
2011-09-15,7096.07,6483.32,11140.12,4436.0
2011-09-16,8525.73,7228.8,12824.55,4821.42
2011-09-17,10380.9,9760.22,14622.45,5408.77
2011-09-18,10898.88,10103.6,16845.86,6259.35
2011-09-19,7704.8,6173.51,13376.16,4970.62
2011-09-20,7367.37,6140.87,11839.3,4558.79
2011-09-21,6662.51,6567.23,11876.12,4163.06
2011-09-22,6430.97,6118.19,11120.3,4205.16
2011-09-23,9518.08,7622.94,12193.59,5140.92
2011-09-24,11527.69,10735.76,15061.17,5314.26
2011-09-25,11565.13,10087.49,16578.68,6119.29
2011-09-26,7916.47,5982.54,12118.77,4911.7
2011-09-27,6588.88,5971.13,11944.24,4431.27
2011-09-28,6517.36,5567.03,11268.68,4001.1
2011-09-29,6416.43,5761.65,10065.39,4276.26
2011-09-30,9357.87,7711.44,11796.59,4948.08
2011-10-01,13266.18,10983.52,17763.36,6152.53
2011-10-02,13317.31,9799.15,17619.68,6858.37
2011-10-03,8987.93,5964.38,15006.42,5133.61
2011-10-04,8491.23,6071.64,14432.21,4668.64
2011-10-05,7717.75,5906.79,12756.28,4629.15
2011-10-06,7575.92,5778.35,12899.39,4525.52
2011-10-07,9105.17,7627.82,13755.17,4948.66
2011-10-08,11632.83,9681.82,16664.35,5967.72
2011-10-09,12639.69,9528.73,19140.74,5699.29
2011-10-10,9612.13,6990.58,15913.49,5208.76
2011-10-11,7323.93,6185.76,13107.84,4276.27
2011-10-12,7102.47,6405.56,12300.62,4404.62
2011-10-13,7291.8,5955.76,11755.49,4808.02
2011-10-14,9100.93,7855.29,13795.98,5165.29
2011-10-15,11571.53,10419.07,17256.27,5764.35
2011-10-16,11706.41,9861.48,18157.17,6393.15
2011-10-17,7727.9800000000005,6386.15,14926.74,5329.58
2011-10-18,6560.76,5729.62,12155.18,4477.6
2011-10-19,6541.89,5863.79,11441.64,4246.6
2011-10-20,6742.14,6141.87,10936.32,4187.96
2011-10-21,8979.87,7947.6,12158.93,4710.05
2011-10-22,11038.3,10118.68,16525.5,5426.32
2011-10-23,11892.73,9219.17,16517.8,5888.77
2011-10-24,7798.74,6132.83,12877.57,4754.86
2011-10-25,6989.09,5835.52,11495.56,4010.49
2011-10-26,6332.88,5914.88,10610.09,4169.52
2011-10-27,7112.36,6440.22,11043.33,4111.45
2011-10-28,8261.57,7550.38,11574.460000000001,4569.41
2011-10-29,11303.75,9953.24,16018.66,6210.18
2011-10-30,11523.02,10521.93,16575.71,6340.33
2011-10-31,6392.39,5670.69,11027.02,4454.09
2011-11-01,7199.55,5534.92,12373.99,4227.36
2011-11-02,7706.43,5510.67,12208.83,4228.0
2011-11-03,7970.35,6175.67,13001.2,4443.04
2011-11-04,9873.34,6886.59,14496.62,4802.17
2011-11-05,11986.12,10040.3,15892.54,5582.76
2011-11-06,12820.15,10073.61,19141.9,6932.97
2011-11-07,8751.74,6208.54,14430.04,5063.18
2011-11-08,8480.02,5827.64,13386.130000000001,4155.86
2011-11-09,7316.83,5861.96,12926.74,4843.18
2011-11-10,8530.37,6464.77,13142.83,4339.55
2011-11-11,10220.07,7841.07,13459.08,4867.06
2011-11-12,10597.77,9963.04,14955.62,5649.03
2011-11-13,11094.710000000001,9599.13,16616.95,5454.02
2011-11-14,7854.18,6186.66,12824.19,4786.0
2011-11-15,7290.63,5701.12,11855.4,4539.37
2011-11-16,6644.18,5713.46,11587.39,4529.49
2011-11-17,6381.6,5723.54,11058.19,4347.38
2011-11-18,7904.99,6984.33,12843.39,4653.46
2011-11-19,12209.77,10162.12,16260.74,5466.85
2011-11-20,11764.85,9567.960000000001,16556.62,5699.03
2011-11-21,8990.76,6498.51,12952.01,5070.3
2011-11-22,9307.03,6156.67,12503.94,4327.15
2011-11-23,9256.130000000001,6868.44,13910.6,5290.34
2011-11-24,4813.66,3021.38,8353.99,2843.33
2011-11-25,7551.12,7265.23,10150.99,3281.55
2011-11-26,8263.93,8379.42,11676.71,4409.76
2011-11-27,8879.52,8007.31,13162.130000000001,5125.4800000000005
2011-11-28,6856.87,6258.23,11025.0,4873.38
2011-11-29,6359.4800000000005,5708.17,10245.07,4231.08
2011-11-30,6161.96,5723.27,9672.33,3716.51
2011-12-01,6877.27,6115.01,12243.0,4374.29
2011-12-02,9036.57,7241.44,13426.09,5378.84
2011-12-03,12251.57,10485.5,15936.65,6086.7
2011-12-04,12771.19,9644.92,18237.73,6395.14
2011-12-05,9739.42,6504.97,15251.44,4939.36
2011-12-06,7803.32,5912.72,13743.6,4915.26
2011-12-07,7423.65,5866.63,12755.52,4895.68
2011-12-08,8928.93,6268.91,13153.25,4472.7300000000005
2011-12-09,9261.86,7386.18,13607.41,4870.69
2011-12-10,12452.07,9881.7,17112.81,5359.45
2011-12-11,11484.51,9743.51,17240.57,6682.47
2011-12-12,8643.8,6375.92,14854.15,5241.43
2011-12-13,7803.05,6315.24,13085.84,4303.39
2011-12-14,7881.59,6446.9800000000005,11908.43,4065.19
2011-12-15,8541.31,7007.76,12673.7,4590.55
2011-12-16,9184.81,7297.25,13040.61,5153.23
2011-12-17,11665.2,9660.03,15132.66,5496.43
2011-12-18,11747.45,10126.29,15863.43,6270.78
2011-12-19,8910.66,7115.46,13558.09,5062.87
2011-12-20,8574.19,7331.27,12407.67,5045.01
2011-12-21,9050.15,7881.31,11926.91,4667.9
2011-12-22,9697.72,7638.84,12844.67,5085.94
2011-12-23,11730.17,9093.28,15210.77,6046.37
2011-12-24,8867.210000000001,6710.5199999999995,12154.12,5090.85
2011-12-25,0.0,10.059999999999999,0.82,0.0
2011-12-26,8918.39,7858.89,14194.92,3892.79
2011-12-27,7924.89,6775.76,12368.55,4423.92
2011-12-28,8058.45,6404.68,12444.2,4592.74
2011-12-29,8840.94,6834.89,12666.39,4379.21
2011-12-30,11981.04,8440.89,15911.130000000001,5083.56
2011-12-31,11171.960000000001,7277.55,14216.19,5626.22
2012-01-01,6986.03,6232.99,10870.72,3839.56
2012-01-02,11013.95,8919.93,16789.27,5732.32
2012-01-03,9352.61,6068.01,13911.44,4832.63
2012-01-04,8403.57,5531.74,13003.23,3990.4
2012-01-05,9172.19,6091.92,13368.95,4915.87
2012-01-06,9710.96,7114.87,12883.53,4994.54
2012-01-07,12521.35,9198.31,17425.96,6298.61
2012-01-08,12913.94,9931.61,19642.36,6534.04
2012-01-09,9750.79,6459.4,15329.97,5366.65
2012-01-10,8402.89,5807.26,14565.94,4490.17
2012-01-11,7324.9800000000005,5978.21,12363.9,4900.69
2012-01-12,6717.2300000000005,5818.28,11084.89,4432.21
2012-01-13,9557.94,7231.15,13912.210000000001,5150.03
2012-01-14,11470.25,10041.78,16011.49,5938.96
2012-01-15,11317.63,9555.95,16521.97,6842.34
2012-01-16,10200.47,7992.32,15140.47,6056.08
2012-01-17,7580.61,5568.61,11236.0,4329.7300000000005
2012-01-18,7164.4800000000005,6263.2,12477.09,5043.5
2012-01-19,7247.56,5865.9,11447.56,4401.92
2012-01-20,8696.19,7286.67,12912.1,4973.4800000000005
2012-01-21,14027.0,11890.55,18344.21,7187.03
2012-01-22,10950.81,8072.78,15898.8,5922.14
2012-01-23,7324.4,6066.43,12955.36,5017.2
2012-01-24,6957.52,6233.43,12820.86,4483.81
2012-01-25,6546.47,5850.93,11568.960000000001,4486.1
2012-01-26,6956.16,6120.37,10526.07,4503.38
2012-01-27,9005.2,7277.47,12328.19,5073.63
2012-01-28,11288.05,10752.31,14174.92,6325.62
2012-01-29,11752.37,10778.64,16934.170000000002,6254.82
2012-01-30,8133.07,6055.96,13683.37,5165.7300000000005
2012-01-31,7874.8,6506.65,13534.5,4912.56
2012-02-01,8620.59,6581.41,14913.89,5471.25
2012-02-02,9288.78,6322.81,14742.09,5456.28
2012-02-03,11488.3,8119.2,16357.01,5777.6
2012-02-04,16006.36,12308.82,21125.82,7707.64
2012-02-05,13261.18,9652.58,19396.13,6676.32
2012-02-06,10069.28,6629.55,16916.77,5511.72
2012-02-07,8609.24,6387.27,15981.25,5152.32
2012-02-08,8503.23,6182.96,15208.07,5211.96
2012-02-09,8837.77,6440.03,15217.22,4854.87
2012-02-10,9974.81,7981.96,16644.28,5722.55
2012-02-11,15318.56,11982.76,21251.87,6510.45
2012-02-12,14840.1,11498.2,20362.62,7061.8
2012-02-13,10597.13,7194.01,16573.31,5924.47
2012-02-14,6939.44,5376.26,12355.54,4316.93
2012-02-15,7366.74,5971.02,13192.41,4328.4
2012-02-16,7822.54,6430.2,12348.22,4696.21
2012-02-17,10008.32,8112.43,15078.36,5329.87
2012-02-18,12787.67,11309.75,18603.12,6276.02
2012-02-19,13388.41,10357.39,18180.32,6251.34
2012-02-20,10457.01,8551.05,18451.15,5639.79
2012-02-21,7731.38,5475.91,14920.27,4911.58
2012-02-22,7728.38,6637.11,12452.95,4494.21
2012-02-23,7659.63,6945.76,12678.99,4728.08
2012-02-24,9542.69,8063.54,15240.64,4903.16
2012-02-25,13302.76,10452.47,16906.86,5851.25
2012-02-26,12617.12,9825.2,18514.86,6088.58
2012-02-27,8498.01,6238.83,14259.01,5088.58
2012-02-28,7860.05,5708.28,12058.17,4684.17
2012-02-29,7620.7300000000005,6459.67,12258.55,4635.41
2012-03-01,9448.87,7054.77,15429.04,4940.22
2012-03-02,10337.33,8599.09,16584.45,5421.41
2012-03-03,14037.57,11752.83,20191.31,6351.7
2012-03-04,14507.93,10862.23,22396.97,6989.75
2012-03-05,10990.8,6938.37,17860.61,5605.47
2012-03-06,9543.23,6658.01,16213.390000000001,5793.8
2012-03-07,9553.22,6794.49,15873.45,5633.37
2012-03-08,9557.710000000001,6937.77,15689.130000000001,5125.72
2012-03-09,10728.710000000001,8333.09,16792.32,5525.81
2012-03-10,15072.460000000001,11693.42,19691.21,6614.47
2012-03-11,15292.15,11793.89,21260.94,7728.59
2012-03-12,9991.78,7084.4800000000005,17612.64,5407.65
2012-03-13,7937.610000000001,5922.6,14860.89,4798.57
2012-03-14,7897.87,6054.14,13400.99,4440.84
2012-03-15,8756.85,7037.06,13659.73,5104.28
2012-03-16,10170.58,6969.49,13921.48,5320.39
2012-03-17,13431.74,12326.36,18618.170000000002,6625.47
2012-03-18,14229.23,11156.47,19121.420000000002,6078.15
2012-03-19,9968.34,7471.22,14353.81,5460.61
2012-03-20,8223.67,6268.32,13619.43,4775.42
2012-03-21,7319.9800000000005,6165.26,13707.18,5073.52
2012-03-22,8325.64,6644.86,12967.82,4828.64
2012-03-23,9159.48,7839.32,13460.56,5217.46
2012-03-24,13669.69,10745.57,16768.98,6237.99
2012-03-25,14541.03,10803.28,20182.81,6884.35
2012-03-26,9213.5,7031.84,15006.05,5613.27
2012-03-27,7763.09,5928.36,11340.78,4577.2300000000005
2012-03-28,7865.56,6870.95,12488.19,5369.36
2012-03-29,7292.67,6767.67,11794.07,4765.61
2012-03-30,11695.48,8139.1900000000005,14969.37,5312.31
2012-03-31,13622.79,11219.84,17298.21,7176.92
2012-04-01,14866.0,11021.07,19203.44,7015.05
2012-04-02,10278.54,7332.46,16813.23,5567.6900000000005
2012-04-03,10559.22,7335.9400000000005,16702.09,5327.19
2012-04-04,9742.44,6875.18,14389.17,5379.97
2012-04-05,10902.54,7172.09,14747.11,5415.46
2012-04-06,13556.54,8321.74,16369.19,5885.29
2012-04-07,15784.7,11985.11,20945.54,7673.74
2012-04-08,10620.18,10721.59,18341.89,5751.29
2012-04-09,11233.43,7160.06,16422.87,5613.12
2012-04-10,10281.27,5937.28,15105.16,4893.89
2012-04-11,8993.16,7237.6,14117.52,4944.21
2012-04-12,8801.17,6868.03,12845.68,4520.78
2012-04-13,10306.3,8776.95,14098.29,5261.24
2012-04-14,13982.89,10913.28,16863.85,6338.09
2012-04-15,13642.02,10630.710000000001,16573.43,6419.09
2012-04-16,8948.59,7086.0,13767.34,5268.55
2012-04-17,7736.86,6096.95,13273.9,4379.92
2012-04-18,7769.24,6975.56,12471.25,5031.36
2012-04-19,8561.93,6469.34,12148.61,4845.13
2012-04-20,10639.710000000001,7993.52,13595.05,5294.57
2012-04-21,13587.41,10852.69,17095.23,5856.09
2012-04-22,14054.17,10969.12,18007.52,6765.79
2012-04-23,8418.16,7067.88,13490.83,5373.89
2012-04-24,8575.23,6565.2300000000005,12029.65,5314.54
2012-04-25,7955.43,6177.43,11453.09,4491.67
2012-04-26,8427.47,6495.7300000000005,11224.37,4867.17
2012-04-27,10541.75,8203.26,13179.89,5637.5
2012-04-28,12853.31,10404.210000000001,15137.460000000001,5540.89
2012-04-29,13805.15,10819.05,17199.47,6297.42
2012-04-30,9314.15,7098.03,12868.11,5842.74
2012-05-01,10164.210000000001,7271.0,14314.35,5056.21
2012-05-02,9267.39,6885.08,13850.32,4512.61
2012-05-03,10380.39,7238.39,14937.02,5850.86
2012-05-04,11205.1,8520.36,14800.5,5404.76
2012-05-05,12120.77,10898.79,16206.33,6196.44
2012-05-06,15085.3,11857.0,17577.64,6827.78
2012-05-07,12077.37,7503.61,17813.75,5654.8
2012-05-08,9774.51,7245.17,15935.86,5808.69
2012-05-09,9812.6,7120.93,14432.91,5207.04
2012-05-10,10430.460000000001,7121.18,13741.65,5040.84
2012-05-11,11437.78,8504.09,14450.35,5675.56
2012-05-12,15544.7,10439.51,17753.63,5885.54
2012-05-13,12287.01,9134.61,14269.12,4886.79
2012-05-14,9284.73,6683.69,14809.49,5414.97
2012-05-15,9949.27,6964.16,14366.81,5777.4800000000005
2012-05-16,9392.55,7283.71,12982.15,5255.27
2012-05-17,9173.66,6992.35,12676.89,4866.45
2012-05-18,10926.48,8424.74,14427.16,5953.72
2012-05-19,13396.7,11330.68,17155.25,5942.09
2012-05-20,15538.94,11069.51,18063.98,7080.47
2012-05-21,10235.1,6183.1900000000005,15000.460000000001,5739.17
2012-05-22,7690.87,7453.82,14010.48,4739.74
2012-05-23,8217.59,6838.68,12439.68,4682.93
2012-05-24,9109.17,6870.63,12425.12,5103.1900000000005
2012-05-25,11706.51,8383.16,14424.32,5561.63
2012-05-26,12770.3,10102.81,15403.24,5904.54
2012-05-27,12817.29,9394.04,15091.52,4616.4800000000005
2012-05-28,11595.15,9758.44,15388.7,5832.68
2012-05-29,8616.59,7228.56,13273.09,5823.76
2012-05-30,8150.4400000000005,6499.99,13552.37,4938.4
2012-05-31,9363.57,7730.78,13349.06,5799.24
2012-06-01,12526.89,9410.52,17103.87,5870.19
2012-06-02,15429.35,11632.28,19026.38,6854.03
2012-06-03,15005.61,11317.13,19615.55,7810.46
2012-06-04,11643.67,7460.36,16611.71,5664.68
2012-06-05,10570.98,7669.38,16318.36,5555.2
2012-06-06,9933.52,6856.02,15317.15,5302.28
2012-06-07,10264.78,7426.88,15771.37,5613.77
2012-06-08,11774.25,9156.62,16153.32,5903.91
2012-06-09,14007.14,10274.59,18910.86,6403.84
2012-06-10,14679.34,11366.41,19724.99,7094.37
2012-06-11,11557.960000000001,8360.31,17579.19,6473.24
2012-06-12,10213.93,8029.85,14922.95,5211.19
2012-06-13,9595.9,7909.99,14009.6,5318.28
2012-06-14,10346.04,8086.04,14517.61,5517.85
2012-06-15,12875.94,9542.01,16152.53,6147.54
2012-06-16,14548.92,11295.81,18200.75,7162.2300000000005
2012-06-17,12402.91,10466.62,17248.46,5787.12
2012-06-18,10439.26,8209.42,16653.61,6153.84
2012-06-19,9473.78,7888.6,15242.82,5916.21
2012-06-20,9406.75,7766.41,14488.76,5100.49
2012-06-21,9768.64,8193.6,13625.87,5480.6
2012-06-22,13481.68,9438.0,14476.44,5667.52
2012-06-23,13361.62,11236.95,17651.68,5709.56
2012-06-24,14233.36,10649.02,17502.84,6179.02
2012-06-25,10308.05,7413.15,14658.89,5843.33
2012-06-26,8845.52,6514.78,13183.9,5030.59
2012-06-27,8595.39,7045.87,13230.69,5170.59
2012-06-28,9071.85,7201.07,13167.47,5618.79
2012-06-29,11670.24,9533.98,14475.8,6101.23
2012-06-30,14755.23,11037.24,16509.76,6012.17
2012-07-01,15556.5,11284.17,17979.170000000002,6677.53
2012-07-02,12090.28,8029.91,16712.87,5555.18
2012-07-03,12671.14,8318.33,17294.010000000002,5907.7
2012-07-04,9843.62,7846.74,15297.53,4994.18
2012-07-05,9789.09,7940.4800000000005,15460.460000000001,5152.34
2012-07-06,12483.57,9008.06,16865.44,5728.97
2012-07-07,13576.13,10315.07,18672.14,5902.62
2012-07-08,14977.33,10155.94,20813.54,6686.21
2012-07-09,12050.43,7799.79,17119.36,6253.66
2012-07-10,10563.09,7539.1,16509.37,5626.35
2012-07-11,10124.79,7172.6,14276.35,5943.6
2012-07-12,10391.44,8179.68,14334.49,5116.6900000000005
2012-07-13,12656.4,9425.87,15029.710000000001,5839.79
2012-07-14,13957.23,11681.24,18038.75,6202.1900000000005
2012-07-15,14290.99,11323.02,18727.5,6512.46
2012-07-16,10299.48,7447.19,15589.630000000001,5398.13
2012-07-17,9637.67,7858.72,14230.2,5097.36
2012-07-18,9112.88,7368.65,13393.58,4926.9
2012-07-19,9622.91,7965.06,14405.84,5639.4
2012-07-20,11960.36,8730.91,15708.17,6003.96
2012-07-21,13682.64,10687.91,17014.4,6341.66
2012-07-22,15272.93,11133.05,18650.47,6589.2
2012-07-23,10263.92,7738.01,15254.79,5668.45
2012-07-24,9410.27,7990.3,14503.52,4792.31
2012-07-25,9064.19,7057.31,13822.42,5066.77
2012-07-26,10129.36,7338.4800000000005,12859.41,5234.08
2012-07-27,10623.960000000001,8485.23,14513.7,5227.2300000000005
2012-07-28,11493.87,10259.37,15783.92,5528.7
2012-07-29,11694.67,9906.73,16718.670000000002,5892.78
2012-07-30,9851.54,7194.18,13462.28,5576.24
2012-07-31,9599.960000000001,7458.5,14176.99,5429.32
2012-08-01,10706.3,7631.34,15107.88,5140.68
2012-08-02,11667.64,8036.66,16166.49,5312.47
2012-08-03,12420.04,8944.03,17685.33,6061.46
2012-08-04,14479.65,11120.24,18693.83,6320.78
2012-08-05,16330.67,10734.5,20399.39,6395.0
2012-08-06,12133.26,8243.31,16888.74,6186.23
2012-08-07,10972.210000000001,7185.2,16238.64,5685.64
2012-08-08,10900.130000000001,7494.89,15421.65,5339.28
2012-08-09,10551.42,8049.85,16625.920000000002,5177.86
2012-08-10,12426.53,9331.01,17287.37,6203.11
2012-08-11,15320.69,12151.28,19790.56,5972.06
2012-08-12,14617.74,12041.18,20245.74,6519.4
2012-08-13,10590.24,8256.43,17343.34,6067.22
2012-08-14,10493.54,7673.08,17083.49,5499.81
2012-08-15,10005.49,8042.6,15947.86,5912.68
2012-08-16,10720.81,8448.88,15629.03,5494.12
2012-08-17,12009.15,10278.93,14995.300000000001,5946.25
2012-08-18,16589.09,11731.0,19892.46,6520.93
2012-08-19,16944.76,12437.16,21697.420000000002,7386.29
2012-08-20,11672.05,8316.84,16632.79,5700.76
2012-08-21,10016.76,7904.99,14830.39,5513.34
2012-08-22,9048.99,8021.31,14419.01,5616.67
2012-08-23,9279.710000000001,7512.01,13089.53,4805.0
2012-08-24,10577.82,9420.61,15357.37,5653.18
2012-08-25,14191.2,11617.53,17785.63,6570.75
2012-08-26,15241.62,11330.86,20135.19,6898.22
2012-08-27,9784.8,7562.18,15820.050000000001,5591.96
2012-08-28,9025.82,6775.32,13809.36,5190.75
2012-08-29,8471.01,7602.66,13504.01,4840.0
2012-08-30,9418.94,7113.05,12689.800000000001,5220.52
2012-08-31,11499.34,9810.51,16239.08,6886.62
2012-09-01,16758.27,12255.44,19723.28,5926.65
2012-09-02,15139.33,10946.89,18191.52,6414.35
2012-09-03,14490.130000000001,10654.55,21382.36,6728.79
2012-09-04,10519.87,7032.54,16684.99,5664.7
2012-09-05,9730.02,6816.3,15117.4,5294.51
2012-09-06,9260.85,7836.11,15174.74,5376.5
2012-09-07,11402.960000000001,8288.82,15930.22,5731.82
2012-09-08,13531.48,11912.05,19892.36,6946.28
2012-09-09,16836.57,11927.78,22502.69,7105.42
2012-09-10,10374.72,7649.25,18447.14,6247.78
2012-09-11,9065.4,7655.07,16006.63,5597.2
2012-09-12,8741.65,6947.16,13918.35,4835.02
2012-09-13,9452.93,7601.62,14119.1,5234.59
2012-09-14,11393.47,8498.73,15027.72,6178.56
2012-09-15,14289.64,12440.39,18325.43,6956.53
2012-09-16,15138.18,11469.06,20633.06,7065.41
2012-09-17,9517.85,7189.04,15149.2,6133.8
2012-09-18,9377.04,7132.51,14452.73,5656.62
2012-09-19,8181.58,6658.38,12834.67,4995.86
2012-09-20,8505.89,7484.59,13757.79,5445.88
2012-09-21,11189.06,8777.95,15283.68,6206.25
2012-09-22,14127.18,12499.14,18666.02,7092.09
2012-09-23,14761.75,11255.75,19655.670000000002,7211.41
2012-09-24,9202.53,7472.46,15017.74,6423.25
2012-09-25,8432.28,7289.05,14502.460000000001,5705.78
2012-09-26,7921.8,6599.88,13926.37,4906.36
2012-09-27,7814.19,7431.61,13826.89,5188.04
2012-09-28,10507.14,9019.11,14904.52,6360.12
2012-09-29,13294.52,12177.13,19535.170000000002,6808.6
2012-09-30,14627.86,11205.34,20210.08,7509.41
2012-10-01,11213.62,7214.75,17646.91,6880.14
2012-10-02,10500.82,7037.75,17041.82,5525.49
2012-10-03,9951.7,7415.33,16715.56,5766.9
2012-10-04,9142.62,7504.07,15552.95,5677.33
2012-10-05,10341.63,8517.52,16381.69,5523.58
2012-10-06,13746.91,11019.63,20104.3,6668.17
2012-10-07,15310.960000000001,10556.82,20905.2,7088.19
2012-10-08,12145.85,8089.12,17333.95,6067.17
2012-10-09,9664.36,6820.38,14944.78,5820.01
2012-10-10,8708.26,7404.83,14792.76,4922.76
2012-10-11,8636.35,6981.86,12436.35,5032.44
2012-10-12,10190.11,8524.97,14919.05,5571.95
2012-10-13,12337.05,12356.58,18280.65,6439.27
2012-10-14,13411.74,12111.08,18758.94,6587.85
2012-10-15,9482.91,7231.77,14537.59,6008.83
2012-10-16,7915.41,6695.14,12503.48,4912.86
2012-10-17,7807.4,6658.14,12447.19,4955.04
2012-10-18,7833.04,6683.27,12449.53,5324.85
2012-10-19,9635.98,8325.15,13694.45,5600.13
2012-10-20,12639.86,11654.83,17222.63,6288.47
2012-10-21,13314.17,11349.98,19178.4,6536.77
2012-10-22,8407.38,7314.2,13740.07,5253.84
2012-10-23,8105.27,7208.95,12220.16,4606.01
2012-10-24,6663.89,6514.23,12323.54,4423.38
2012-10-25,7873.86,7254.5,11150.17,4612.84
2012-10-26,9007.84,8799.73,12256.08,5101.7300000000005
2012-10-27,12350.15,11311.23,16256.18,6247.02
2012-10-28,12325.49,10633.73,17579.39,6495.7300000000005
2012-10-29,8862.18,6788.32,13492.8,5269.89
2012-10-30,8402.2,8142.4,13210.84,5290.42
2012-10-31,6332.1,6402.14,11723.45,3946.59
2012-11-01,8979.09,7085.2300000000005,13412.73,4828.14
2012-11-02,10751.05,8275.25,15235.77,4909.64
2012-11-03,14255.64,11978.41,18707.51,6380.32
2012-11-04,14687.54,11477.58,20276.2,6948.9800000000005
2012-11-05,10337.36,6902.35,16126.58,5581.87
2012-11-06,8493.15,6443.31,14310.06,5099.41
2012-11-07,8944.53,6112.77,14040.05,5274.31
2012-11-08,9035.93,7006.95,13614.93,5168.95
2012-11-09,11230.99,8288.42,15251.52,5572.86
2012-11-10,14820.22,11724.48,18654.78,6366.64
2012-11-11,13656.42,10419.57,18871.83,6112.68
2012-11-12,10499.43,7377.97,14442.3,5712.58
2012-11-13,8204.63,6062.69,12554.99,4819.49
2012-11-14,7179.53,6051.09,12156.710000000001,4559.3
2012-11-15,8209.38,6806.94,12152.79,4770.56
2012-11-16,9852.12,8197.06,13923.04,5230.86
2012-11-17,13543.64,11701.99,17040.15,6420.16
2012-11-18,12868.71,10685.15,17924.82,6503.41
2012-11-19,9609.94,7251.16,14093.69,5594.7300000000005
2012-11-20,10029.83,6659.12,13610.17,5545.18
2012-11-21,10535.02,7496.07,14492.56,5952.25
2012-11-22,5179.84,3592.04,9277.71,3428.93
2012-11-23,6616.44,8435.43,9611.38,3542.25
2012-11-24,8623.73,8679.63,13858.31,4648.49
2012-11-25,10720.81,9284.47,15266.5,5564.68
2012-11-26,8318.0,7171.41,13186.14,6016.04
2012-11-27,7871.09,6940.02,11203.35,5124.89
2012-11-28,6862.61,5826.95,11175.29,4583.41
2012-11-29,6662.37,6519.71,10440.23,5108.97
2012-11-30,9135.34,7214.97,12822.22,5210.54
2012-12-01,14426.16,12030.33,18688.3,7227.74
2012-12-02,11960.16,10240.34,18348.62,6011.88
2012-12-03,10682.09,8147.45,16000.39,6535.3
2012-12-04,8760.02,7354.2300000000005,14122.5,5073.2
2012-12-05,8290.2,6876.65,13201.4,5163.45
2012-12-06,9028.27,7617.21,13783.82,5153.25
2012-12-07,10830.210000000001,8335.06,14815.04,5527.06
2012-12-08,13484.710000000001,10998.34,17747.97,6237.85
2012-12-09,13332.34,11054.31,18592.05,7307.26
2012-12-10,10677.95,7666.42,15897.66,6385.56
2012-12-11,8928.27,7193.4400000000005,14388.38,5364.15
2012-12-12,8108.44,6816.54,12840.34,4692.03
2012-12-13,8169.78,6771.43,13478.52,5251.42
2012-12-14,9959.39,7969.7,13543.86,5187.8
2012-12-15,13186.13,11338.48,17292.06,6238.84
2012-12-16,13320.07,11633.4,17863.45,6958.16
2012-12-17,9249.49,7050.96,14730.53,6014.4800000000005
2012-12-18,9732.33,7649.4400000000005,14656.55,5327.25
2012-12-19,8373.47,7534.79,12628.27,4630.19
2012-12-20,9623.61,7999.51,14346.59,5597.53
2012-12-21,10638.28,8936.45,13763.14,5772.71
2012-12-22,12493.61,11015.05,17121.79,6905.33
2012-12-23,11498.57,8850.7,16191.460000000001,6532.47
2012-12-24,9043.39,7463.16,13479.77,5698.43
2012-12-25,0.0,3.16,10.370000000000001,0.0
2012-12-26,8153.46,8105.91,13987.51,4763.73
2012-12-27,8981.09,8025.05,13393.79,5251.8
2012-12-28,10153.69,8220.16,14145.08,4942.75
2012-12-29,11744.31,9076.12,17459.52,5937.77
2012-12-30,11993.62,8678.5,14981.51,5841.12
2012-12-31,10313.66,6996.38,13918.06,6325.4400000000005
2013-01-01,7200.36,6191.41,10621.69,3952.81
2013-01-02,10151.68,7471.54,14868.44,5183.94
2013-01-03,10404.71,7363.36,15608.59,4979.41
2013-01-04,11417.17,7886.58,15556.85,5367.64
2013-01-05,13138.68,10414.35,18786.29,5877.06
2013-01-06,13987.48,9778.76,19534.61,7017.95
2013-01-07,10353.22,7137.93,15342.710000000001,5937.33
2013-01-08,8952.27,6691.4,15879.29,5338.86
2013-01-09,8081.18,5957.09,13424.57,5225.35
2013-01-10,9068.59,6620.21,14727.41,5379.43
2013-01-11,11072.05,8633.61,14594.28,5334.62
2013-01-12,13612.13,11236.67,19343.2,6947.51
2013-01-13,12982.78,11058.35,20186.43,6505.06
2013-01-14,8820.7,7214.39,14026.26,5297.05
2013-01-15,8397.17,7426.76,13227.95,5179.84
2013-01-16,7859.97,7106.42,13692.77,5078.4
2013-01-17,8227.68,7405.01,13102.67,5665.34
2013-01-18,10641.37,8639.73,14520.710000000001,5679.54
2013-01-19,13801.37,11834.7,18691.82,7185.66
2013-01-20,11746.33,9184.68,17354.87,5790.31
2013-01-21,10256.68,8557.08,15501.08,5945.15
2013-01-22,8078.9800000000005,6202.08,13629.69,5150.7
2013-01-23,7286.92,6019.6900000000005,12814.2,5012.61
2013-01-24,7669.62,5721.2,11038.97,4901.65
2013-01-25,9714.02,8823.95,14298.460000000001,5804.31
2013-01-26,13697.05,12632.74,17954.43,6463.53
2013-01-27,13241.14,11080.5,18637.83,7513.54
2013-01-28,8394.78,6341.58,13238.210000000001,5687.95
2013-01-29,7927.74,6306.43,12381.880000000001,5243.37
2013-01-30,6945.53,6434.72,11066.65,4800.96
2013-01-31,8942.43,7384.91,11822.210000000001,5616.82
2013-02-01,12213.27,9214.15,15518.64,6579.15
2013-02-02,17420.62,13162.39,21659.78,8857.77
2013-02-03,11846.960000000001,8595.87,17158.42,6812.65
2013-02-04,9022.24,6659.45,14697.45,5575.97
2013-02-05,8954.94,7239.64,14045.13,5484.38
2013-02-06,9010.710000000001,6653.64,13481.73,5725.2300000000005
2013-02-07,10321.99,6685.6,14638.79,5402.42
2013-02-08,11592.9,8559.94,15716.68,5517.39
2013-02-09,15980.41,11527.01,17815.78,6386.69
2013-02-10,15983.64,11376.57,14524.45,7318.65
2013-02-11,11174.4,7298.61,17733.56,5201.7300000000005
2013-02-12,9295.82,7121.54,15742.15,5511.47
2013-02-13,9858.45,7748.38,16288.54,5802.4
2013-02-14,7871.31,6612.46,11504.58,4791.79
2013-02-15,11835.18,8132.72,14279.630000000001,5839.03
2013-02-16,13935.54,11206.91,17657.1,6622.21
2013-02-17,14199.15,10230.16,18982.62,6825.49
2013-02-18,11899.45,8869.63,16890.19,5838.7300000000005
2013-02-19,7946.29,6261.98,13418.630000000001,5189.6
2013-02-20,9210.87,7440.47,13683.710000000001,4946.87
2013-02-21,9711.49,6811.86,13180.63,4939.5
2013-02-22,11814.29,8304.08,15581.24,5201.22
2013-02-23,14152.93,12644.43,18174.24,6614.11
2013-02-24,14085.03,11647.91,20264.33,7640.25
2013-02-25,10008.460000000001,7447.37,15953.68,6121.77
2013-02-26,7991.35,6572.15,13247.44,5552.21
2013-02-27,8171.76,6784.06,12805.14,5034.1
2013-02-28,8839.36,7009.6900000000005,13759.01,5640.84
2013-03-01,11951.54,10004.41,17356.14,6653.31
2013-03-02,16208.53,13916.66,21330.28,7100.04
2013-03-03,16681.55,11513.42,21337.57,8089.89
2013-03-04,10782.31,7585.9400000000005,16600.95,6189.46
2013-03-05,9220.66,7363.99,14811.84,5660.43
2013-03-06,8997.31,6579.58,13990.91,5123.45
2013-03-07,8866.7,6691.72,12212.3,4804.92
2013-03-08,11552.25,7836.19,14851.46,6218.97
2013-03-09,14547.26,11642.06,18604.39,6619.1
2013-03-10,14185.92,12156.67,20617.3,7432.79
2013-03-11,10573.460000000001,7180.03,17067.5,6286.32
2013-03-12,8880.33,7074.85,14915.31,5493.78
2013-03-13,8490.47,6787.52,14924.92,5265.51
2013-03-14,9109.65,6826.11,14177.42,5620.3
2013-03-15,11504.0,9345.32,14886.97,6185.26
2013-03-16,14803.77,11708.36,18670.77,6979.73
2013-03-17,14486.32,11432.88,20360.31,6915.04
2013-03-18,9153.94,7057.11,16624.7,6189.69
2013-03-19,8265.65,6965.84,13548.05,5404.77
2013-03-20,9093.28,6831.06,14456.7,5682.27
2013-03-21,8861.63,6705.57,13776.31,6010.09
2013-03-22,11678.7,9526.25,14937.44,5762.13
2013-03-23,13490.94,11723.95,17839.72,7235.95
2013-03-24,14651.11,11783.210000000001,18886.920000000002,6901.64
2013-03-25,10253.710000000001,7652.25,14296.45,6409.2300000000005
2013-03-26,8846.32,7140.74,13752.57,5342.4800000000005
2013-03-27,8921.93,6982.15,13742.23,5264.55
2013-03-28,9790.88,7298.06,13272.39,5384.4
2013-03-29,12486.31,9479.59,14740.28,6619.18
2013-03-30,16444.48,11907.73,19053.78,8230.82
2013-03-31,11437.91,11029.69,9051.95,6482.84
2013-04-01,9728.32,7708.45,16823.46,5783.62
2013-04-02,10083.92,7230.28,15925.15,5454.52
2013-04-03,10630.28,7554.6,16046.54,5644.38
2013-04-04,10550.9,7729.6,14569.68,5730.28
2013-04-05,11869.33,8272.210000000001,16321.39,5801.82
2013-04-06,14955.5,11614.23,18883.38,7349.43
2013-04-07,15854.960000000001,11294.95,21992.47,8191.95
2013-04-08,11104.48,7627.94,16367.65,6707.18
2013-04-09,10703.44,7167.34,16463.38,5868.93
2013-04-10,9791.99,6693.54,15125.74,6255.47
2013-04-11,9747.91,7197.35,15384.85,5371.07
2013-04-12,10593.1,9059.210000000001,15549.34,5522.32
2013-04-13,13318.91,11726.0,19326.72,6784.76
2013-04-14,14335.15,11307.49,19488.46,7304.26
2013-04-15,10127.5,7628.83,15284.31,6387.16
2013-04-16,8329.05,7430.16,15876.1,5559.32
2013-04-17,8966.57,6750.2300000000005,14257.68,5726.4800000000005
2013-04-18,8716.75,6986.2,13912.960000000001,5716.39
2013-04-19,11248.03,8913.210000000001,15486.51,5853.15
2013-04-20,14317.85,11871.44,18451.5,6630.64
2013-04-21,14566.47,11251.76,21443.32,8294.03
2013-04-22,10610.26,7886.1900000000005,16211.11,6827.53
2013-04-23,8996.51,7055.97,14736.93,5604.42
2013-04-24,9444.14,6652.1,14136.64,5384.41
2013-04-25,9213.1,7043.02,13237.01,5375.35
2013-04-26,11298.64,9062.55,14197.44,6051.45
2013-04-27,13507.68,11478.49,17409.89,6623.44
2013-04-28,14192.84,10703.29,19571.98,7713.22
2013-04-29,9977.49,7155.99,13786.23,6409.39
2013-04-30,9027.11,7468.91,14553.11,6480.05
2013-05-01,9900.41,8073.06,15528.26,6034.43
2013-05-02,10254.95,7534.24,15332.79,6143.49
2013-05-03,12606.93,8813.4,17203.15,6490.79
2013-05-04,15289.37,11772.98,18012.64,7820.12
2013-05-05,16277.54,11769.05,19218.420000000002,7483.16
2013-05-06,12715.91,7487.65,19771.91,6920.7300000000005
2013-05-07,10273.57,7689.6,16156.78,5928.9800000000005
2013-05-08,9883.63,7300.47,15469.99,5819.400000000001
2013-05-09,10276.2,7626.38,15973.64,5675.94
2013-05-10,12517.3,8742.74,15951.460000000001,6418.62
2013-05-11,16396.170000000002,11203.37,20274.22,6654.22
2013-05-12,12829.34,9860.5,17722.83,6170.13
2013-05-13,11102.68,7058.26,17794.4,6697.64
2013-05-14,10209.130000000001,7345.32,16401.88,6355.96
2013-05-15,10309.35,7950.3,15295.43,6407.51
2013-05-16,10868.91,7454.41,14853.75,5634.17
2013-05-17,11023.11,9165.65,15490.06,6058.25
2013-05-18,13594.64,11924.56,19025.76,6601.06
2013-05-19,16462.47,11873.27,21060.55,8081.21
2013-05-20,11437.05,7781.86,16281.98,7423.85
2013-05-21,10036.76,7547.7,14467.33,6037.78
2013-05-22,9869.710000000001,7290.14,13975.98,5487.32
2013-05-23,10021.93,8458.42,13860.2,6311.13
2013-05-24,12387.69,9753.82,15690.99,6602.43
2013-05-25,13502.41,11220.04,17113.79,6531.59
2013-05-26,12594.23,10192.72,16485.11,6097.53
2013-05-27,13232.82,11290.66,18053.3,7248.11
2013-05-28,10431.460000000001,8121.03,14929.97,6506.59
2013-05-29,8904.14,7127.1,13546.41,5918.24
2013-05-30,9630.93,7065.34,13394.9,5270.7
2013-05-31,12197.58,9794.08,16193.99,6785.68
2013-06-01,16140.98,11834.62,19528.2,8331.09
2013-06-02,17447.59,12185.52,22252.35,8779.99
2013-06-03,13376.64,8642.52,18516.26,6788.14
2013-06-04,11057.29,8672.55,16393.4,6230.1900000000005
2013-06-05,10956.36,8452.05,16716.39,5796.88
2013-06-06,8558.6,7794.33,15417.83,6090.56
2013-06-07,13099.57,9951.65,17047.99,6584.3
2013-06-08,16056.35,12011.99,20458.37,7036.59
2013-06-09,17762.16,12282.09,23988.84,7796.68
2013-06-10,12821.35,8031.9800000000005,19851.77,7266.37
2013-06-11,10951.1,7836.29,16065.23,6864.2
2013-06-12,10173.14,7515.12,15738.72,5935.85
2013-06-13,10885.28,7834.46,15499.5,6528.4800000000005
2013-06-14,13255.17,9876.84,16559.2,6391.36
2013-06-15,15245.16,12601.9,19362.23,6932.3
2013-06-16,13050.85,10290.35,17990.4,6753.36
2013-06-17,10477.31,7843.55,17351.86,6620.93
2013-06-18,10463.16,7389.09,15610.210000000001,6091.5
2013-06-19,9583.39,7718.85,15501.8,6023.18
2013-06-20,10646.16,8585.67,14788.68,5967.49
2013-06-21,12658.53,8973.06,16589.39,6799.0
2013-06-22,14156.31,11481.04,18640.49,6848.27
2013-06-23,15743.18,12847.81,20394.25,6906.8
2013-06-24,11475.67,8081.82,16480.0,7247.57
2013-06-25,10070.82,8048.1,15539.03,6408.67
2013-06-26,10218.39,7533.81,14565.25,6019.68
2013-06-27,10176.69,8498.89,14818.87,6089.83
2013-06-28,13375.37,9984.26,16526.66,6807.6
2013-06-29,15570.43,12863.42,20706.73,7769.15
2013-06-30,16209.86,12147.66,20743.03,8009.67
2013-07-01,13391.09,8628.460000000001,19420.52,6866.86
2013-07-02,13220.31,9093.63,18199.23,6824.27
2013-07-03,15000.58,10062.14,21244.71,7603.52
2013-07-04,12187.29,8523.0,18504.97,6429.72
2013-07-05,14006.5,10149.66,18907.49,6470.56
2013-07-06,13807.36,10406.55,18628.43,6214.51
2013-07-07,17135.46,11047.16,22045.2,7955.16
2013-07-08,12311.87,8192.47,18585.97,7184.36
2013-07-09,12045.73,8031.41,17179.72,6520.83
2013-07-10,11738.460000000001,8049.76,18692.57,6211.05
2013-07-11,11142.93,8541.98,16004.01,6311.13
2013-07-12,13476.78,9682.85,17042.37,6436.58
2013-07-13,14877.550000000001,12227.67,19345.68,7504.67
2013-07-14,16999.81,11921.65,20882.34,7457.61
2013-07-15,12103.54,8042.9,16469.68,7347.35
2013-07-16,10310.75,7854.36,15939.43,5946.51
2013-07-17,10306.7,8543.15,15693.74,5945.99
2013-07-18,10602.14,8481.54,15876.07,5985.43
2013-07-19,12957.28,9675.6,16365.09,6722.78
2013-07-20,15115.98,12137.960000000001,19695.35,7574.7
2013-07-21,16315.4,12063.28,21061.91,7567.11
2013-07-22,11383.73,7739.81,16279.710000000001,6283.34
2013-07-23,10517.87,7675.2,15727.39,5894.4
2013-07-24,9978.44,8023.55,14583.2,6424.83
2013-07-25,10385.07,8033.0,15905.64,6447.55
2013-07-26,11809.59,10198.5,16575.54,6240.15
2013-07-27,12824.74,12836.48,19967.88,7627.7
2013-07-28,14790.76,11473.1,19325.7,7431.32
2013-07-29,11075.08,8015.29,16196.59,6979.84
2013-07-30,10346.82,7765.88,14475.11,6041.12
2013-07-31,10426.97,8249.86,16138.86,5568.65
2013-08-01,12108.03,9484.49,18228.31,6135.2
2013-08-02,14274.52,9415.11,18059.11,6892.29
2013-08-03,16724.65,12627.12,20687.26,7659.84
2013-08-04,16182.48,11931.72,22183.65,7583.22
2013-08-05,12981.24,8312.64,19873.01,6696.32
2013-08-06,11432.04,7559.6,16685.05,6351.81
2013-08-07,11624.3,7733.33,17869.38,5980.87
2013-08-08,11921.22,7887.51,16708.33,6135.55
2013-08-09,13417.92,9311.72,18349.76,6845.3
2013-08-10,17345.920000000002,12020.5,20037.45,6956.4
2013-08-11,17287.63,11855.59,20479.72,7561.82
2013-08-12,12572.77,8393.65,18340.45,6846.75
2013-08-13,10507.25,7594.43,17004.05,6432.2300000000005
2013-08-14,10276.34,8319.58,15095.47,6674.82
2013-08-15,11073.57,8531.93,16129.48,6393.12
2013-08-16,12905.76,9745.41,17974.3,6228.53
2013-08-17,16222.880000000001,13143.04,20423.77,8377.8
2013-08-18,16176.37,12444.36,22044.13,7967.87
2013-08-19,11585.62,8644.4,18321.15,6583.12
2013-08-20,9735.960000000001,7875.11,16554.1,6373.08
2013-08-21,11095.69,8186.17,15121.43,5929.79
2013-08-22,10205.01,8532.92,15212.42,6200.86
2013-08-23,11535.22,9406.92,16710.75,6420.2300000000005
2013-08-24,15504.52,13340.44,19436.56,7393.26
2013-08-25,18456.15,13112.19,22584.22,8581.16
2013-08-26,10700.09,7990.5,17660.45,6551.38
2013-08-27,9325.24,7746.46,16583.58,6019.74
2013-08-28,9800.25,7816.71,15179.16,6023.3
2013-08-29,9794.95,7916.77,15570.210000000001,5674.78
2013-08-30,14142.34,10158.49,17837.98,7050.5
2013-08-31,17007.96,13077.18,20783.0,8214.43
2013-09-01,15956.91,11557.84,20477.69,6860.68
2013-09-02,16146.38,11812.66,22310.1,8493.99
2013-09-03,11904.67,7493.35,18028.65,6886.75
2013-09-04,10460.92,8160.11,15912.82,6466.51
2013-09-05,10125.57,8458.17,16401.46,6087.83
2013-09-06,12189.42,9619.48,17450.55,6242.1
2013-09-07,15578.65,13148.91,21842.39,7724.2
2013-09-08,18478.5,12244.05,24843.06,9030.1
2013-09-09,12729.0,8482.16,19332.73,6904.96
2013-09-10,11474.95,8050.89,17887.83,6730.55
2013-09-11,10332.62,8111.39,17249.99,6261.1
2013-09-12,10061.69,8540.52,15880.75,5850.39
2013-09-13,12408.91,9381.85,17264.44,6841.2300000000005
2013-09-14,15824.24,12969.06,20011.51,7203.81
2013-09-15,16826.87,13841.66,23002.61,8997.95
2013-09-16,11584.45,7963.63,18856.28,7138.35
2013-09-17,10306.9,8090.46,16585.18,6524.16
2013-09-18,10069.72,7387.06,16152.03,5867.85
2013-09-19,9761.34,7214.55,15326.380000000001,6013.63
2013-09-20,12290.45,9957.62,17924.29,6913.35
2013-09-21,15935.51,12799.05,20031.12,8282.03
2013-09-22,16707.05,12991.1,22736.11,7802.72
2013-09-23,11099.98,8113.42,17456.88,6048.91
2013-09-24,10167.88,7418.32,15288.28,6295.04
2013-09-25,8585.86,6980.35,15106.55,5681.01
2013-09-26,9331.55,8104.77,14676.92,5803.16
2013-09-27,10798.94,9279.0,16169.83,6279.05
2013-09-28,14947.35,13001.05,19624.37,7262.2300000000005
2013-09-29,16644.59,12397.45,20242.28,8291.25
2013-09-30,11149.27,7653.57,16305.42,7490.1
2013-10-01,11664.97,7886.35,16809.53,6654.87
2013-10-02,10260.26,8085.31,16095.01,5801.95
2013-10-03,11476.59,8546.11,15796.83,5829.33
2013-10-04,13744.02,9667.76,17854.05,6303.38
2013-10-05,16766.37,13558.24,22324.81,7769.51
2013-10-06,17282.920000000002,13036.48,24270.34,8523.51
2013-10-07,13769.3,9027.02,19621.78,6959.47
2013-10-08,11754.76,7817.88,18640.08,6615.85
2013-10-09,11502.710000000001,7985.88,17304.13,6298.95
2013-10-10,11658.29,8152.59,17667.02,7253.38
2013-10-11,12162.54,8958.2,18304.7,6544.72
2013-10-12,15161.98,12392.34,21070.26,7411.61
2013-10-13,16812.51,12943.65,22149.77,8031.16
2013-10-14,12385.54,8334.4,18055.83,7209.18
2013-10-15,9492.98,7340.62,16507.12,6134.06
2013-10-16,9778.05,7780.15,16504.96,6142.12
2013-10-17,10094.57,8044.38,15303.17,6095.07
2013-10-18,12215.12,9923.960000000001,16124.37,6590.09
2013-10-19,15414.630000000001,12630.59,20618.58,7104.56
2013-10-20,17549.38,12936.4,22215.0,8017.31
2013-10-21,11332.7,7732.41,17793.25,7010.68
2013-10-22,9602.35,7517.91,15441.35,6493.38
2013-10-23,9431.380000000001,7731.87,15039.51,5843.19
2013-10-24,9300.4,7867.2,15008.62,6126.41
2013-10-25,11259.55,9413.64,15962.89,5957.78
2013-10-26,15198.94,12588.43,19954.4,6729.47
2013-10-27,15902.48,11854.2,20970.94,7631.93
2013-10-28,11457.75,8086.95,17003.98,6907.97
2013-10-29,9822.710000000001,8506.77,15176.58,6059.07
2013-10-30,10424.61,9669.63,17300.64,6604.2300000000005
2013-10-31,8540.71,7178.74,12406.68,5587.58
2013-11-01,13128.19,9173.35,17348.1,6765.18
2013-11-02,15988.78,13007.02,21828.2,7541.01
2013-11-03,17635.83,12038.05,23991.88,8260.710000000001
2013-11-04,11820.55,7387.7,18802.75,6723.57
2013-11-05,10716.97,7447.33,16977.45,5976.43
2013-11-06,10286.210000000001,7404.76,16246.26,6004.96
2013-11-07,9545.59,7348.24,16642.25,6135.36
2013-11-08,11417.81,7871.81,17016.93,6344.36
2013-11-09,14797.79,11381.29,21718.88,7909.71
2013-11-10,16520.1,11534.45,22567.08,7769.37
2013-11-11,12704.210000000001,8380.56,20008.16,6584.62
2013-11-12,9128.34,6754.9,14562.67,6359.19
2013-11-13,8833.960000000001,6932.54,15157.91,5390.67
2013-11-14,8888.67,7448.26,13549.57,5676.32
2013-11-15,10787.94,8861.55,16151.51,6133.4
2013-11-16,15874.130000000001,13395.63,20301.21,7353.14
2013-11-17,16026.01,12184.62,21989.43,8030.36
2013-11-18,10370.15,7802.1,16327.67,6913.86
2013-11-19,9074.33,6714.76,14098.94,5832.6900000000005
2013-11-20,8852.5,6553.97,14048.15,5393.59
2013-11-21,8897.51,7103.07,13712.06,5556.2300000000005
2013-11-22,11319.82,8811.32,15092.47,5851.91
2013-11-23,15371.130000000001,12259.59,19843.920000000002,7131.0
2013-11-24,15595.03,11818.75,20080.68,7283.89
2013-11-25,11327.03,7482.03,15749.25,6012.03
2013-11-26,11057.67,7546.07,16655.72,5960.34
2013-11-27,12145.98,8268.13,15063.03,7029.1
2013-11-28,6108.7,3656.64,9688.57,3623.67
2013-11-29,7512.62,9325.27,11372.95,3912.01
2013-11-30,10412.07,9998.710000000001,14919.01,5834.27
2013-12-01,14392.4,10660.48,18727.89,7157.25
2013-12-02,12378.76,8338.49,17222.09,6905.96
2013-12-03,11354.7,8027.38,17845.25,6573.83
2013-12-04,10600.7,7310.78,14008.66,6239.17
2013-12-05,10717.23,7983.51,15951.93,5866.21
2013-12-06,12726.91,9274.42,16465.21,5865.11
2013-12-07,15728.210000000001,12343.14,20054.81,6888.4400000000005
2013-12-08,15574.24,11841.99,20212.5,7969.6900000000005
2013-12-09,11933.79,7854.53,16748.51,6126.6
2013-12-10,11439.92,7859.64,15528.39,6150.94
2013-12-11,9693.77,7625.47,14938.74,5205.75
2013-12-12,9576.92,7046.92,13895.81,4882.87
2013-12-13,11352.12,8406.82,16478.96,5686.82
2013-12-14,14925.41,12155.33,18597.59,6770.28
2013-12-15,15560.14,12274.04,19624.81,6904.76
2013-12-16,11647.91,8183.42,16233.44,6231.03
2013-12-17,10232.08,7096.53,15376.75,5637.18
2013-12-18,9974.96,7916.4800000000005,15138.78,5708.55
2013-12-19,10701.81,7889.6,14659.67,5776.36
2013-12-20,11184.98,8788.2,14224.630000000001,5967.0
2013-12-21,15473.02,11447.45,17922.48,7134.9
2013-12-22,15523.41,10637.95,18351.37,6769.33
2013-12-23,13678.72,8509.24,15639.54,7098.65
2013-12-24,9314.07,6946.75,12685.38,6319.7
2013-12-25,0.0,4.0600000000000005,7.44,0.0
2013-12-26,9982.9,9742.69,17826.58,5516.76
2013-12-27,11608.91,8249.95,16559.87,6117.71
2013-12-28,13561.23,9409.79,16633.31,6326.92
2013-12-29,12328.12,9757.81,17153.3,5638.57
2013-12-30,11475.59,7777.75,16564.43,6134.65
2013-12-31,11238.28,7261.09,15700.52,6298.6
2014-01-01,7914.24,6330.2,12335.83,3852.39
2014-01-02,12371.62,7347.83,16416.170000000002,6005.03
2014-01-03,13321.03,8220.28,18603.71,5685.73
2014-01-04,14362.42,10065.56,20073.78,7354.54
2014-01-05,15655.460000000001,11129.99,22601.15,7294.35
2014-01-06,12437.25,7156.34,17990.18,6929.81
2014-01-07,11452.02,7471.64,15758.98,5713.26
2014-01-08,9972.54,7402.28,16813.73,5701.05
2014-01-09,9907.55,6739.69,15845.39,6059.82
2014-01-10,11799.07,8235.12,16448.25,6311.62
2014-01-11,15985.49,12284.960000000001,22000.75,7760.85
2014-01-12,14210.79,10906.17,21096.7,7867.5
2014-01-13,10484.57,7415.99,16150.65,6321.22
2014-01-14,8938.5,6084.63,14282.32,5814.47
2014-01-15,9156.460000000001,7038.15,15143.05,6145.06
2014-01-16,9289.92,7518.31,14700.55,5552.09
2014-01-17,10944.38,9427.19,16851.21,6421.06
2014-01-18,15105.94,13615.13,20020.9,7337.92
2014-01-19,13828.18,10616.82,19627.74,7259.57
2014-01-20,11182.880000000001,9790.53,17790.05,6244.89
2014-01-21,8769.86,6713.98,15247.76,5975.96
2014-01-22,8777.37,7349.57,15948.94,6025.34
2014-01-23,8365.66,6712.17,13739.72,6011.32
2014-01-24,11041.62,8449.16,15512.49,6175.87
2014-01-25,13742.04,12608.8,19671.89,7034.02
2014-01-26,15110.08,12206.27,21120.74,7143.14
2014-01-27,10236.29,7205.39,14816.17,6504.33
2014-01-28,8305.84,7032.02,13653.17,6086.29
2014-01-29,7757.85,6514.37,12240.23,5692.21
2014-01-30,8084.1,7095.4800000000005,13275.72,5610.09
2014-01-31,12265.26,8587.4,14902.37,6371.93
2014-02-01,19063.39,13514.7,16831.12,9661.68
2014-02-02,14626.13,11243.99,21556.96,7313.4
2014-02-03,11771.26,7950.86,19701.52,6623.13
2014-02-04,9900.01,7361.96,16604.15,6026.66
2014-02-05,9540.2,7893.59,16145.24,5499.1
2014-02-06,9984.53,7210.7,16075.64,6049.07
2014-02-07,11712.460000000001,7647.28,16026.1,6236.65
2014-02-08,16656.73,14292.52,23687.45,8721.38
2014-02-09,16512.0,13449.82,23884.51,8184.47
2014-02-10,12144.75,7966.7,17934.48,6742.61
2014-02-11,9978.210000000001,7475.17,16166.73,6443.02
2014-02-12,9907.71,8068.68,16564.2,6336.3
2014-02-13,11106.45,8920.61,17593.54,6211.08
2014-02-14,10480.1,8098.75,15028.76,5524.39
2014-02-15,14171.68,12299.18,18769.170000000002,6817.95
2014-02-16,14260.28,12149.5,19917.05,6933.42
2014-02-17,11571.97,9892.75,18575.79,6395.8
2014-02-18,8584.56,7391.64,15492.16,6210.82
2014-02-19,8522.43,7466.21,14669.68,5339.69
2014-02-20,8829.95,7793.21,15232.11,6075.31
2014-02-21,10606.45,8147.36,16069.62,5637.35
2014-02-22,14014.88,11813.95,19634.96,6554.97
2014-02-23,15224.56,12501.88,21750.94,7517.01
2014-02-24,10343.2,7611.04,16379.460000000001,6962.46
2014-02-25,9168.36,7710.9,15380.44,6164.54
2014-02-26,8792.98,6481.76,12523.53,6153.62
2014-02-27,9147.92,7751.88,14324.73,6573.94
2014-02-28,10449.7,8623.2,14617.08,5961.06
2014-03-01,16981.28,14819.17,23093.77,8239.17
2014-03-02,16538.15,13010.61,22876.07,8513.06
2014-03-03,11525.55,8038.87,18015.61,6846.57
2014-03-04,9484.53,7700.58,16031.76,6198.2300000000005
2014-03-05,8485.59,7083.27,14862.55,6123.99
2014-03-06,9251.81,7501.72,14810.44,5522.52
2014-03-07,11646.94,8720.58,15666.14,6697.11
2014-03-08,14668.0,12109.19,19321.56,6588.95
2014-03-09,17770.05,12941.05,25476.19,8688.4
2014-03-10,12893.33,7787.56,20589.16,7235.79
2014-03-11,9943.0,7822.77,17159.63,5917.41
2014-03-12,9599.89,7668.67,17552.86,5895.7300000000005
2014-03-13,9976.41,7428.99,16154.81,5816.34
2014-03-14,11649.81,9394.210000000001,16736.26,6706.76
2014-03-15,15684.82,12762.43,19932.51,7727.05
2014-03-16,16150.42,12973.07,23332.77,7545.68
2014-03-17,10353.39,8303.55,17842.52,6707.86
2014-03-18,9244.87,7276.2,16137.23,6137.82
2014-03-19,9408.74,7770.33,14112.6,6853.6900000000005
2014-03-20,9914.710000000001,7454.0,14393.82,5721.77
2014-03-21,11424.04,9177.57,15794.32,6806.09
2014-03-22,14448.19,13064.67,19690.97,7572.97
2014-03-23,16226.710000000001,13032.66,23581.46,7939.87
2014-03-24,11059.78,7635.34,17507.82,6845.45
2014-03-25,9311.78,7520.46,15216.49,6432.88
2014-03-26,8891.03,7286.24,15307.72,6053.88
2014-03-27,9739.11,7614.34,15359.62,5967.45
2014-03-28,11151.74,8929.89,16598.93,6618.74
2014-03-29,14583.32,12212.13,19364.47,7385.02
2014-03-30,16991.0,13332.630000000001,22368.23,7990.42
2014-03-31,10771.04,6854.74,16090.59,6748.62
2014-04-01,10630.63,6909.3,17977.91,6614.19
2014-04-02,11505.26,7666.0,17436.34,6256.39
2014-04-03,10935.02,8245.07,18115.1,6222.63
2014-04-04,12026.51,8695.73,18346.25,6287.16
2014-04-05,16832.61,12551.02,21839.49,7920.9400000000005
2014-04-06,18062.06,11638.32,25240.510000000002,9101.67
2014-04-07,12344.74,7790.18,19817.91,7819.37
2014-04-08,11487.710000000001,7476.32,18923.65,6939.91
2014-04-09,11032.87,8513.23,17702.46,6847.56
2014-04-10,11190.49,7828.7300000000005,18156.0,6226.26
2014-04-11,12052.31,8974.19,17746.77,7286.7300000000005
2014-04-12,15114.36,11665.98,20042.09,7992.61
2014-04-13,16775.96,12123.43,22761.84,8152.24
2014-04-14,10997.08,7919.43,17852.36,7037.63
2014-04-15,10273.18,7872.37,17103.5,6390.7300000000005
2014-04-16,12237.95,8099.16,16616.62,6689.74
2014-04-17,11555.56,7830.58,16890.28,6200.76
2014-04-18,14823.29,9796.86,17681.74,6923.21
2014-04-19,17480.43,12681.91,23573.15,8948.09
2014-04-20,13308.95,10752.0,22418.01,6899.34
2014-04-21,10941.02,7395.58,17021.87,6983.75
2014-04-22,10597.6,7693.33,16039.54,6458.55
2014-04-23,9605.91,6923.46,16841.93,6119.33
2014-04-24,10292.23,7361.62,17041.07,6664.27
2014-04-25,12210.16,8099.0,16163.9,6690.5
2014-04-26,16199.64,12916.72,20840.920000000002,7176.76
2014-04-27,16819.39,12445.91,23814.78,8459.62
2014-04-28,10832.0,7156.43,17371.51,6383.49
2014-04-29,9609.93,7414.21,15729.89,6262.75
2014-04-30,9997.9,6949.63,15499.64,5965.15
2014-05-01,11739.1,7980.3,18139.49,6293.04
2014-05-02,13395.01,9196.23,19867.7,7020.6
2014-05-03,16811.89,12217.39,21937.8,7607.58
2014-05-04,19480.73,11946.0,22984.14,8370.64
2014-05-05,12950.34,7826.05,20183.06,7099.94
2014-05-06,11249.5,7619.92,18516.88,6154.4400000000005
2014-05-07,10701.95,6960.01,17897.09,6112.65
2014-05-08,10649.81,6849.42,17058.420000000002,6060.53
2014-05-09,13109.89,8050.86,18450.32,7135.9800000000005
2014-05-10,15800.51,11871.47,20192.35,8009.4800000000005
2014-05-11,12372.5,9525.07,20862.37,6644.69
2014-05-12,12751.4,7427.86,19548.44,7782.92
2014-05-13,10873.12,7003.38,17897.52,6943.42
2014-05-14,10505.78,6554.68,16883.43,6267.38
2014-05-15,10197.03,7563.83,16756.62,6985.25
2014-05-16,12858.27,8696.34,17220.11,6493.67
2014-05-17,14994.14,11011.35,20658.66,6806.86
2014-05-18,16753.18,11498.83,22051.6,8800.32
2014-05-19,11642.18,7496.6,17538.55,7610.11
2014-05-20,9392.460000000001,7475.96,16221.57,6904.03
2014-05-21,9799.19,7086.45,16095.18,5778.28
2014-05-22,9862.32,7797.54,16127.09,6269.84
2014-05-23,11743.45,9070.1,16190.68,7259.33
2014-05-24,13620.88,11016.039999999999,17988.95,7017.67
2014-05-25,13460.66,9537.27,18728.11,6832.53
2014-05-26,13585.16,9072.04,20788.24,7253.45
2014-05-27,10909.59,6384.74,16629.18,7392.8
2014-05-28,9666.93,6260.15,14086.05,6740.5
2014-05-29,9674.76,6311.1900000000005,14694.08,6112.43
2014-05-30,12459.37,7991.21,16747.93,6664.1900000000005
2014-05-31,15316.69,10660.44,20197.91,7522.22
2014-06-01,17841.170000000002,10588.97,24372.010000000002,8736.62
2014-06-02,13156.6,7528.16,19862.49,7612.13
2014-06-03,11123.36,7424.7300000000005,19825.23,7035.41
2014-06-04,11388.66,7432.81,18705.79,6622.65
2014-06-05,11114.8,7273.07,18495.7,7302.5
2014-06-06,12321.29,8787.57,18399.13,6973.42
2014-06-07,16493.98,10226.03,21576.26,8228.36
2014-06-08,16830.65,9396.15,22594.46,9051.64
2014-06-09,13222.210000000001,7479.9800000000005,21330.73,7449.13
2014-06-10,11067.92,7465.26,18804.45,7413.76
2014-06-11,11346.95,6971.15,17571.59,6876.54
2014-06-12,10749.7,7397.4,17040.02,6435.66
2014-06-13,12878.48,8254.88,18632.69,7078.45
2014-06-14,15840.06,10866.98,21903.07,8122.63
2014-06-15,14698.710000000001,9219.11,20444.95,7394.96
2014-06-16,12295.210000000001,6789.29,18386.39,7411.1900000000005
2014-06-17,10682.63,7333.54,17274.170000000002,6439.64
2014-06-18,11192.92,7009.63,16808.78,6592.33
2014-06-19,10520.66,7577.45,17648.81,6893.88
2014-06-20,13912.6,8818.15,17817.43,7359.150000000001
2014-06-21,14446.38,11759.79,20991.56,6953.46
2014-06-22,15903.95,11241.87,23417.65,8070.74
2014-06-23,11764.57,7351.84,18689.15,6508.22
2014-06-24,9956.5,7199.05,17080.87,6518.44
2014-06-25,10592.6,6917.29,15560.68,5996.09
2014-06-26,10193.56,6973.28,16025.84,5701.88
2014-06-27,11322.77,8526.77,16271.07,7109.96
2014-06-28,14466.77,10796.67,20820.56,7527.13
2014-06-29,15217.25,10685.79,20883.29,7991.86
2014-06-30,12186.07,7253.49,17700.68,7465.65
2014-07-01,13321.37,7539.56,19979.27,7054.53
2014-07-02,12471.39,7883.64,19625.06,6860.59
2014-07-03,15880.960000000001,9723.5,22970.670000000002,8407.9
2014-07-04,12394.37,8973.67,19690.18,6286.95
2014-07-05,14034.24,9955.460000000001,19810.32,6505.45
2014-07-06,16936.84,9862.75,23746.96,8345.11
2014-07-07,13778.57,7170.4,21246.670000000002,7269.12
2014-07-08,12891.79,7210.83,19849.38,6927.89
2014-07-09,11899.210000000001,7476.19,19375.41,6892.92
2014-07-10,12695.04,7993.9800000000005,19987.72,6783.04
2014-07-11,13831.94,8592.73,19787.69,7591.2
2014-07-12,15893.72,11154.23,22362.82,7701.92
2014-07-13,17039.87,10899.62,22315.0,7585.45
2014-07-14,11997.74,6956.36,19037.49,7053.09
2014-07-15,11477.58,7910.29,17124.44,6740.07
2014-07-16,11217.52,7283.45,17642.63,5967.9
2014-07-17,10777.18,7376.95,16033.87,6436.01
2014-07-18,13090.72,8644.08,18055.37,6484.85
2014-07-19,15026.12,10982.09,20414.2,7749.1900000000005
2014-07-20,17068.68,11051.11,21425.03,7764.5
2014-07-21,11803.34,8034.68,18161.14,6726.4800000000005
2014-07-22,10261.34,6559.45,17389.6,5858.06
2014-07-23,10833.79,7165.77,16332.92,6360.21
2014-07-24,10952.29,6935.2300000000005,15995.11,6509.61
2014-07-25,11496.12,7834.76,17080.72,6199.76
2014-07-26,13281.78,10633.16,20146.96,7304.38
2014-07-27,15328.74,10669.210000000001,23266.6,7933.1900000000005
2014-07-28,13149.35,7201.9800000000005,18052.33,7086.49
2014-07-29,10643.74,6949.39,16613.8,6070.74
2014-07-30,10700.28,6513.51,15946.64,6091.45
2014-07-31,11231.15,7308.74,16715.6,6016.05
2014-08-01,15032.97,8686.78,21250.31,6937.5
2014-08-02,16187.35,10560.09,23559.89,7427.28
2014-08-03,18222.57,9887.03,24219.38,8666.92
2014-08-04,14059.67,7036.1900000000005,19226.24,7543.12
2014-08-05,11948.03,7208.01,19304.38,6838.75
2014-08-06,11945.73,7161.77,18405.39,6281.19
2014-08-07,11601.95,7410.56,18343.43,6590.2300000000005
2014-08-08,13046.35,8317.25,19931.06,6829.63
2014-08-09,16448.84,10982.28,22816.06,7500.01
2014-08-10,17822.5,9806.97,23696.69,8287.02
2014-08-11,11723.95,6883.47,19405.4,6670.28
2014-08-12,11092.0,6892.03,18849.61,6402.97
2014-08-13,11499.2,6801.55,17382.55,7613.03
2014-08-14,10544.09,7472.8,16169.78,6684.25
2014-08-15,12855.82,7996.09,17388.98,6559.94
2014-08-16,16326.19,12076.06,21170.89,7186.21
2014-08-17,18888.05,10715.38,24859.24,8736.92
2014-08-18,13412.74,7532.53,19772.86,7477.29
2014-08-19,11294.72,6936.09,17605.7,6292.64
2014-08-20,10516.35,7014.72,17337.06,6602.76
2014-08-21,10595.460000000001,7851.900000000001,16654.33,6381.67
2014-08-22,12240.01,8863.85,19543.65,6847.46
2014-08-23,16325.960000000001,12057.26,23269.21,7640.82
2014-08-24,19741.69,10375.93,25853.95,9003.16
2014-08-25,11632.73,7719.39,18386.03,7285.22
2014-08-26,10944.32,6965.05,16462.25,6454.51
2014-08-27,9217.79,7144.81,16127.59,6211.42
2014-08-28,9951.73,7140.89,15974.23,6243.62
2014-08-29,12541.71,8244.9,18743.77,6499.7300000000005
2014-08-30,16104.99,10362.0,20913.08,7678.86
2014-08-31,15332.64,9931.59,20050.83,7469.76
2014-09-01,16572.5,9862.960000000001,22633.670000000002,8778.13
2014-09-02,11365.61,7280.06,18653.35,7301.53
2014-09-03,12244.19,6859.21,18508.09,7574.59
2014-09-04,11358.62,6996.33,17348.75,6421.15
2014-09-05,13411.6,7594.52,17415.31,6884.0
2014-09-06,16994.18,10908.86,22159.1,7483.39
2014-09-07,18573.69,11425.3,25672.73,9357.94
2014-09-08,12135.98,7095.82,19662.04,6818.89
2014-09-09,11989.56,6541.08,16824.84,7201.17
2014-09-10,11554.73,7029.87,18091.39,6640.81
2014-09-11,11358.14,7369.07,18688.09,6023.01
2014-09-12,12504.57,8876.02,20180.89,7278.54
2014-09-13,16470.13,12052.03,23293.85,8732.67
2014-09-14,17148.46,11274.22,23900.02,8526.55
2014-09-15,12431.14,7725.96,18633.06,7358.01
2014-09-16,9906.87,6746.74,17568.07,7127.99
2014-09-17,10642.29,7621.45,17112.01,6600.67
2014-09-18,10150.9,7281.9,17200.3,6707.57
2014-09-19,12540.13,9120.27,17659.27,7033.41
2014-09-20,17156.0,11853.18,21979.49,7757.31
2014-09-21,18125.07,11317.58,24607.24,8932.92
2014-09-22,11320.19,6876.84,19474.2,7347.67
2014-09-23,10319.19,6758.85,17269.35,7062.01
2014-09-24,9914.83,6865.17,16569.97,6341.82
2014-09-25,10202.28,6553.87,16515.45,6753.31
2014-09-26,12062.64,8142.41,17839.9,6536.8
2014-09-27,16095.3,10888.73,21109.89,7380.39
2014-09-28,17257.72,10536.11,23918.56,8448.89
2014-09-29,12391.05,7538.76,17952.23,7590.4800000000005
2014-09-30,10870.58,6769.06,16733.97,7384.5
2014-10-01,11310.93,7387.63,18675.9,7581.09
2014-10-02,12552.93,7153.45,18467.06,7525.38
2014-10-03,14667.09,8877.12,20414.34,8102.67
2014-10-04,18777.3,11038.4,25966.7,9010.95
2014-10-05,19697.74,11763.64,26708.36,9680.86
2014-10-06,13841.61,8322.18,21300.670000000002,8698.22
2014-10-07,12903.1,7043.99,18600.58,7016.99
2014-10-08,12313.22,6121.36,18626.96,7115.6900000000005
2014-10-09,12159.79,5880.77,18104.170000000002,7271.26
2014-10-10,13966.76,6883.0,18485.27,7621.92
2014-10-11,16662.46,10665.24,22284.93,8347.64
2014-10-12,18364.32,10376.26,25061.37,9071.44
2014-10-13,13311.83,7253.28,18944.04,7691.08
2014-10-14,10140.03,6742.33,16632.9,7291.45
2014-10-15,10552.710000000001,6475.2,16994.15,7324.65
2014-10-16,10853.89,6599.59,14752.61,7411.37
2014-10-17,13492.92,8502.91,17473.72,7068.4800000000005
2014-10-18,18061.68,11098.85,22873.5,8228.78
2014-10-19,19276.25,10676.47,25415.89,9026.07
2014-10-20,13425.56,6629.31,19678.23,7576.2
2014-10-21,10453.82,6712.92,17159.85,7270.07
2014-10-22,10172.47,6536.2,15783.37,5955.62
2014-10-23,10357.48,6428.56,15886.31,6865.08
2014-10-24,12634.460000000001,7355.51,17083.78,6993.110000000001
2014-10-25,17461.64,11259.53,19963.14,9069.82
2014-10-26,17034.07,10683.93,23180.36,8083.36
2014-10-27,12813.91,7579.21,18755.13,7270.97
2014-10-28,9922.68,6645.42,15282.41,6917.13
2014-10-29,9997.82,6651.33,15399.7,6902.25
2014-10-30,11107.6,8528.35,15631.83,7355.03
2014-10-31,12009.24,6541.400000000001,15251.300000000001,6837.43
2014-11-01,19865.51,11903.87,23857.34,8870.03
2014-11-02,20129.82,11276.35,26336.88,9671.81
2014-11-03,15117.73,7174.52,21180.79,8249.62
2014-11-04,12190.97,6424.68,18428.13,6750.53
2014-11-05,10792.25,6211.04,17989.75,7032.04
2014-11-06,11752.05,6772.15,17450.04,7544.71
2014-11-07,13277.69,7907.01,18354.98,6846.400000000001
2014-11-08,16893.27,12037.28,23777.55,8044.24
2014-11-09,18303.72,11032.41,25044.75,9244.85
2014-11-10,14022.95,7386.03,20328.28,7787.150000000001
2014-11-11,11877.0,7398.57,18545.47,6958.84
2014-11-12,9946.95,5924.54,14760.69,6614.5
2014-11-13,9947.43,5958.22,14096.33,6356.47
2014-11-14,12191.31,8024.72,16243.1,6474.6900000000005
2014-11-15,16471.52,11009.56,20696.83,8304.34
2014-11-16,18651.920000000002,11093.2,23467.96,8807.57
2014-11-17,11940.1,6818.89,18197.24,7919.15
2014-11-18,10007.73,6594.42,16065.03,6684.17
2014-11-19,9969.12,5989.27,15257.53,6677.06
2014-11-20,10099.58,6118.6,14309.630000000001,6263.95
2014-11-21,12867.8,8377.98,17220.91,6506.79
2014-11-22,17562.420000000002,11740.65,22417.75,8799.960000000001
2014-11-23,16608.08,11294.89,23835.0,7241.75
2014-11-24,13784.48,6555.65,18281.51,7184.95
2014-11-25,12985.06,6587.08,17420.46,7848.83
2014-11-26,13038.48,7709.01,18831.35,7847.4400000000005
2014-11-27,6965.2300000000005,3893.9,10517.460000000001,4441.64
2014-11-28,10159.37,8240.07,13096.31,4701.61
2014-11-29,13802.17,8999.11,17645.77,6582.63
2014-11-30,14679.05,9768.88,19602.47,7093.1
2014-12-01,13724.4,7467.4,19359.62,7912.11
2014-12-02,10509.08,6566.43,15944.75,6619.92
2014-12-03,11050.32,5669.66,15884.1,7210.09
2014-12-04,13333.68,8864.42,18113.05,7036.27
2014-12-05,13724.44,10169.75,18447.18,6793.32
2014-12-06,16995.51,11697.28,22435.58,8087.87
2014-12-07,18254.72,11297.18,23244.99,9030.54
2014-12-08,13307.37,6784.72,17894.44,7514.02
2014-12-09,11824.5,7578.49,17297.79,7397.53
2014-12-10,13732.94,8256.960000000001,18800.98,7875.83
2014-12-11,7268.55,4362.1900000000005,10399.63,5004.63
2014-12-12,11302.53,8150.95,16594.29,6517.42
2014-12-13,15885.08,11906.94,19637.52,7830.32
2014-12-14,18297.05,11511.86,21097.21,8233.8
2014-12-15,11716.630000000001,6609.64,15651.51,7387.3
2014-12-16,11793.89,6223.56,14505.710000000001,6071.87
2014-12-17,11490.0,6741.09,15164.76,6981.27
2014-12-18,11899.64,7949.64,16716.63,6880.6
2014-12-19,12347.32,7753.18,13566.76,6325.22
2014-12-20,16902.06,10977.89,18889.37,7993.64
2014-12-21,16860.73,11326.77,20018.14,7270.57
2014-12-22,14385.59,8195.58,18074.23,7382.5
2014-12-23,13362.76,8401.79,17021.19,8086.56
2014-12-24,10757.68,6295.7300000000005,12546.48,6916.05
2014-12-25,0.0,10.18,0.0,0.0
2014-12-26,11621.81,8583.42,17238.55,5965.36
2014-12-27,13582.66,9109.12,17260.76,6653.06
2014-12-28,14784.12,9027.460000000001,19236.38,6483.64
2014-12-29,12259.45,7598.0,15725.89,7000.0
2014-12-30,11676.99,7179.79,15198.79,6229.35
2014-12-31,12896.93,6773.63,14773.3,8193.82
2015-01-01,10082.73,6784.62,13845.55,5320.2
2015-01-02,15226.02,9490.63,18912.37,7111.09
2015-01-03,17532.69,9776.59,21150.81,7550.83
2015-01-04,17512.68,10933.72,21381.16,8504.92
2015-01-05,14275.29,7396.62,18825.72,7695.3
2015-01-06,11443.16,6659.66,15541.05,7059.04
2015-01-07,10686.85,6725.74,15500.24,6330.4400000000005
2015-01-08,11206.08,7048.29,16664.33,6863.8
2015-01-09,12517.48,7969.03,16549.88,7054.29
2015-01-10,18343.760000000002,11573.57,22289.75,8697.460000000001
2015-01-11,18216.53,11404.31,24466.77,8795.28
2015-01-12,12421.04,6540.4,16697.85,7499.8
2015-01-13,9749.89,6725.68,15398.87,6952.99
2015-01-14,9834.81,6372.59,14178.050000000001,6683.12
2015-01-15,10453.67,7032.92,14596.26,6644.24
2015-01-16,12471.49,8337.24,16030.02,6741.09
2015-01-17,15830.130000000001,11493.710000000001,21934.19,8107.87
2015-01-18,16179.88,11273.55,21419.73,7974.87
2015-01-19,13882.26,7296.59,19748.25,7710.42
2015-01-20,10361.99,5692.42,16360.9,6923.41
2015-01-21,10521.99,5815.58,15633.03,6244.71
2015-01-22,8986.73,5659.43,14490.14,6094.42
2015-01-23,11891.55,7178.1,15487.49,6653.85
2015-01-24,16382.33,9805.03,21297.49,7703.01
2015-01-25,16560.5,10219.16,23454.72,8996.8
2015-01-26,10559.77,6631.150000000001,16440.94,7291.06
2015-01-27,8762.37,6019.07,15156.26,6459.13
2015-01-28,9237.210000000001,6339.49,14788.16,6380.08
2015-01-29,9211.98,6170.9400000000005,14148.12,6500.12
2015-01-30,12698.22,7235.39,17215.56,8120.26
2015-01-31,18855.77,11661.16,22113.1,8633.22
2015-02-01,16416.08,10028.05,24511.22,8973.16
2015-02-02,12062.15,6040.53,18871.52,7938.18
2015-02-03,12193.76,6574.04,17942.56,7730.02
2015-02-04,11263.23,6166.56,18457.0,6821.41
2015-02-05,11898.72,6550.31,17609.26,7146.82
2015-02-06,11686.16,5932.63,15763.75,6130.91
2015-02-07,19308.05,12067.1,27231.83,9455.31
2015-02-08,18506.75,11139.98,25580.23,8823.74
2015-02-09,14802.51,7386.06,20432.84,7973.78
2015-02-10,12414.22,7344.54,20215.41,7569.14
2015-02-11,12130.37,6506.89,17457.88,6546.74
2015-02-12,12080.22,6868.62,19940.920000000002,7454.31
2015-02-13,12582.460000000001,7113.21,17148.12,6962.43
2015-02-14,14654.300000000001,8828.5,19853.4,7111.35
2015-02-15,16040.11,9061.3,21275.53,7343.84
2015-02-16,14001.85,8698.38,21574.1,7808.4800000000005
2015-02-17,11538.49,5894.54,16966.16,6753.77
2015-02-18,9936.26,5843.34,15530.28,6441.42
2015-02-19,10165.95,5940.77,14145.29,6002.59
2015-02-20,12744.36,6942.55,16422.98,6521.7300000000005
2015-02-21,15689.27,9480.08,18775.0,8190.36
2015-02-22,17354.19,9968.13,21642.420000000002,9258.02
2015-02-23,11864.630000000001,6456.09,18513.420000000002,7070.37
2015-02-24,9638.7,5891.58,16047.45,7427.9
2015-02-25,10106.16,6537.64,15662.55,6660.7
2015-02-26,9976.28,6437.75,15475.82,6905.1
2015-02-27,12800.39,7384.77,16831.1,7040.77
2015-02-28,18268.81,10861.81,21550.23,7938.54
2015-03-01,18960.87,11114.960000000001,25698.9,9333.23
2015-03-02,13609.630000000001,6232.2,18917.5,7738.01
2015-03-03,12344.09,7053.21,18909.57,6849.26
2015-03-04,11943.0,5658.74,17257.94,6632.46
2015-03-05,11746.89,6969.77,17965.16,6844.74
2015-03-06,13774.52,7329.33,17856.58,7107.14
2015-03-07,17115.05,10561.36,23692.8,7704.27
2015-03-08,19327.13,11185.19,27139.61,9268.15
2015-03-09,12907.44,6497.65,20545.78,7494.78
2015-03-10,11808.62,6938.08,18623.71,6737.49
2015-03-11,11179.66,6198.02,17095.02,7022.9800000000005
2015-03-12,10768.35,6695.56,16790.05,7084.32
2015-03-13,13403.960000000001,8061.81,17587.95,7254.9
2015-03-14,15474.33,10863.63,21916.96,8509.66
2015-03-15,18626.78,11963.5,25967.57,9165.94
2015-03-16,12433.03,6826.41,19600.83,7486.05
2015-03-17,10598.17,6688.31,17266.96,6673.76
2015-03-18,10893.22,6060.44,15938.94,6038.24
2015-03-19,10184.23,6085.97,15872.64,6238.91
2015-03-20,12703.53,7422.02,17559.45,6848.14
2015-03-21,17418.03,11413.15,22381.91,8647.54
2015-03-22,18387.91,12035.58,25433.26,9148.78
2015-03-23,12386.16,6719.89,19546.08,7846.59
2015-03-24,10500.73,6161.74,16382.960000000001,6344.56
2015-03-25,10244.41,6755.9400000000005,17504.05,6620.8
2015-03-26,10829.45,6896.26,16149.97,7314.05
2015-03-27,12626.42,7505.34,16756.56,7334.29
2015-03-28,15620.960000000001,11203.22,21438.920000000002,8343.88
2015-03-29,16985.13,10494.72,23561.03,9253.09
2015-03-30,13176.19,6932.2300000000005,17944.41,7743.3
2015-03-31,11739.23,6937.54,17564.55,7542.21
2015-04-01,13618.84,7112.91,18507.05,7390.05
2015-04-02,13131.1,7714.43,17360.53,6811.5
2015-04-03,16945.32,8587.91,20560.02,7435.56
2015-04-04,20302.95,11342.13,25485.07,9620.99
2015-04-05,15554.5,10814.77,26551.62,7767.07
2015-04-06,13058.59,7677.56,20124.11,7293.1900000000005
2015-04-07,12178.06,6567.3,19450.76,7186.12
2015-04-08,12195.6,6912.01,19394.15,7075.37
2015-04-09,11812.86,6446.43,18401.06,7234.17
2015-04-10,14680.44,7632.85,18800.29,7779.87
2015-04-11,17063.35,10577.59,23048.8,8107.55
2015-04-12,19720.03,10435.87,25370.66,8978.52
2015-04-13,13423.89,5805.87,15969.58,7642.51
2015-04-14,11586.34,6553.28,17936.82,6844.57
2015-04-15,11510.1,7153.45,16510.94,6683.85
2015-04-16,11385.81,7431.33,17191.54,7180.6
2015-04-17,12887.07,7747.08,17424.06,7648.99
2015-04-18,17730.98,9761.17,19243.23,8146.17
2015-04-19,19244.86,11064.66,25175.89,8624.4
2015-04-20,13451.59,7045.67,18569.95,7271.58
2015-04-21,11579.630000000001,6951.16,16445.39,7443.7300000000005
2015-04-22,11065.8,7098.02,16829.4,6635.87
2015-04-23,11702.77,6834.76,16788.97,7600.56
2015-04-24,13390.11,8327.57,17472.4,7580.84
2015-04-25,19511.84,10786.45,22832.82,8013.05
2015-04-26,18082.28,9619.36,24343.670000000002,9104.42
2015-04-27,12253.32,7582.82,18236.87,8357.97
2015-04-28,11299.98,6306.32,16965.7,7168.45
2015-04-29,10596.73,6711.1900000000005,14977.18,6345.96
2015-04-30,10834.19,6755.22,15601.2,7605.95
2015-05-01,15753.960000000001,8835.45,19939.08,8476.85
2015-05-02,17776.420000000002,9827.59,22427.27,9174.18
2015-05-03,21231.63,11361.16,24740.6,8942.26
2015-05-04,15336.44,7049.52,22707.07,8937.94
2015-05-05,12870.56,6878.76,18140.16,7751.27
2015-05-06,12071.3,6932.88,17967.74,7684.7
2015-05-07,12703.3,6623.78,16927.07,6682.91
2015-05-08,14512.34,8084.76,18667.920000000002,7530.11
2015-05-09,18424.27,10063.03,23460.75,8426.65
2015-05-10,15485.17,8757.25,20474.56,7869.35
2015-05-11,13940.63,7630.34,20960.670000000002,7449.24
2015-05-12,12042.27,6431.51,19029.68,7677.05
2015-05-13,12215.130000000001,6639.63,18531.23,7229.61
2015-05-14,10671.06,5495.64,16759.920000000002,7212.83
2015-05-15,13958.64,8923.64,18607.26,7656.51
2015-05-16,17593.52,11130.84,22399.58,8376.84
2015-05-17,17945.88,10568.45,24228.56,8785.0
2015-05-18,13753.45,7058.43,19279.72,7845.08
2015-05-19,11314.25,7154.7300000000005,17248.14,7458.66
2015-05-20,11266.68,6518.74,16686.78,7134.42
2015-05-21,11181.34,7472.91,16914.7,6929.11
2015-05-22,14392.4,8818.06,19346.91,7954.43
2015-05-23,16860.43,10278.03,20147.99,7528.1
2015-05-24,17496.420000000002,9615.8,20961.74,7316.79
2015-05-25,15584.84,10260.09,23800.260000000002,8566.61
2015-05-26,11601.68,7447.88,17752.86,7722.25
2015-05-27,11493.710000000001,7540.95,15655.880000000001,6624.7
2015-05-28,10084.45,7755.18,15800.14,6892.49
2015-05-29,11979.56,8598.92,16443.86,6566.05
2015-05-30,16566.66,13628.44,20690.98,7866.54
2015-05-31,18513.32,12615.06,22709.77,9260.11
2015-06-01,14352.4,9218.35,20614.97,8569.91
2015-06-02,12470.66,8037.28,20306.98,7262.21
2015-06-03,12479.45,8232.43,18724.28,7430.0
2015-06-04,11882.88,8726.98,18618.77,7738.14
2015-06-05,13958.29,10576.65,18099.08,7329.47
2015-06-06,17296.91,14181.18,23892.51,8028.61
2015-06-07,18265.46,13832.17,24648.35,8860.74
2015-06-08,13499.13,10118.960000000001,21970.29,7819.12
2015-06-09,12509.52,8964.68,20234.670000000002,7299.08
2015-06-10,12908.94,9137.42,19701.52,6723.5
2015-06-11,11386.99,9191.81,17480.22,7123.62
2015-06-12,13673.73,10277.99,18118.99,7097.74
2015-06-13,16759.4,14452.3,22084.5,8289.02
2015-06-14,17955.44,14492.59,24176.18,7782.69
2015-06-15,13222.9,9587.25,20989.4,7772.25
2015-06-16,12403.4,8400.960000000001,16625.97,7699.57
2015-06-17,11879.29,9501.4,17547.74,6749.62
2015-06-18,12655.3,9541.21,17177.35,7810.18
2015-06-19,14912.18,10736.36,17263.72,7104.38
2015-06-20,16613.8,13948.960000000001,21615.03,8905.08
2015-06-21,14816.09,13743.61,20795.12,7845.75
2015-06-22,12980.23,9304.22,19813.58,7439.67
2015-06-23,12571.78,9204.05,17010.31,6984.63
2015-06-24,11594.17,9074.1,16313.98,6102.51
2015-06-25,11410.05,9335.02,17325.49,6505.37
2015-06-26,13354.91,11193.85,17990.89,7525.81
2015-06-27,16005.29,14578.26,21379.87,8196.8
2015-06-28,17695.25,15385.23,22962.07,8585.93
2015-06-29,12649.02,9503.83,19326.49,7279.2
2015-06-30,11769.48,8806.25,17997.15,7031.5
2015-07-01,13057.89,9939.86,20009.9,7396.33
2015-07-02,15086.04,11371.34,20177.74,8081.03
2015-07-03,19184.45,15088.66,25884.010000000002,8613.78
2015-07-04,13255.98,11423.85,18188.28,6385.82
2015-07-05,16054.93,14051.6,22476.83,7703.3
2015-07-06,14985.74,11770.6,19976.16,8624.73
2015-07-07,13803.6,9171.29,19557.3,7660.49
2015-07-08,13047.18,9206.91,18877.91,7166.97
2015-07-09,12747.08,9892.32,19287.37,7403.29
2015-07-10,15760.01,11443.97,20843.57,7895.95
2015-07-11,17758.24,16431.77,22367.09,8573.6
2015-07-12,18326.19,16053.89,24545.15,8332.81
2015-07-13,14094.11,9722.65,20764.26,8389.68
2015-07-14,11705.960000000001,9494.67,18169.48,6975.71
2015-07-15,12405.0,10191.5,19108.18,7014.43
2015-07-16,12142.07,10548.28,18569.1,7553.33
2015-07-17,14417.66,12415.74,18546.69,7835.16
2015-07-18,15652.8,16615.16,23024.45,7929.29
2015-07-19,17018.98,15440.89,24535.1,8649.69
2015-07-20,13441.43,10462.32,20413.53,7748.27
2015-07-21,12073.94,9848.87,18578.46,7365.04
2015-07-22,12181.66,9052.29,16918.28,6722.59
2015-07-23,11925.64,9751.69,17315.35,6893.54
2015-07-24,13474.630000000001,12466.43,18395.15,7441.43
2015-07-25,14687.28,15590.02,22090.83,7847.2
2015-07-26,15842.47,16158.53,22351.44,8879.66
2015-07-27,14507.7,10513.5,18973.2,7329.37
2015-07-28,11510.28,9185.55,17948.87,6415.16
2015-07-29,11028.15,9894.29,16737.51,6712.28
2015-07-30,12139.92,9617.35,16979.86,7401.4400000000005
2015-07-31,14616.34,12552.89,18471.71,7489.28
2015-08-01,18154.29,17622.55,24227.34,9018.7
2015-08-02,20899.73,16416.31,26050.96,9040.81
2015-08-03,16251.55,10620.21,22706.420000000002,8334.09
2015-08-04,13431.64,10922.4,20632.18,7697.5
2015-08-05,13141.32,10517.18,19381.9,7300.9
2015-08-06,13576.4,10234.94,18915.45,7423.33
2015-08-07,14858.32,12885.22,20164.89,7390.61
2015-08-08,19382.47,16336.4,24805.61,8057.4
2015-08-09,19511.25,17252.13,27377.510000000002,9636.14
2015-08-10,15095.0,10965.460000000001,22318.89,7801.73
2015-08-11,12077.47,10358.39,20257.76,7154.22
2015-08-12,12865.67,11424.54,18541.09,7459.84
2015-08-13,11203.56,10514.71,18326.24,6696.67
2015-08-14,13296.72,12307.91,18671.08,6900.93
2015-08-15,17112.16,16958.14,24532.06,8886.44
2015-08-16,19511.72,18258.670000000002,27786.62,8957.01
2015-08-17,14730.960000000001,10534.67,22569.74,8192.5
2015-08-18,12503.31,10818.76,19601.76,7289.4800000000005
2015-08-19,11617.89,10565.1,19438.920000000002,7684.95
2015-08-20,12250.89,10724.91,17445.63,7369.85
2015-08-21,13665.09,13153.47,17604.22,6883.96
2015-08-22,16209.1,17103.4,23649.64,8423.07
2015-08-23,19663.24,17221.5,25456.24,9165.74
2015-08-24,11897.66,10025.86,19342.09,8044.8
2015-08-25,10918.32,9984.68,17241.63,7232.65
2015-08-26,10194.47,9439.32,16000.37,6925.9800000000005
2015-08-27,10681.84,10267.83,16265.81,6877.3
2015-08-28,12413.73,12479.32,17246.91,6966.46
2015-08-29,16729.6,17592.24,22336.44,8065.7300000000005
2015-08-30,18854.59,18751.39,24473.43,9957.68
2015-08-31,12946.61,10392.28,19018.56,8342.94
2015-09-01,13157.28,10600.57,18984.37,7422.66
2015-09-02,11887.87,11103.65,18260.99,7467.24
2015-09-03,13106.380000000001,10454.01,18258.75,7274.22
2015-09-04,15114.84,12980.17,19849.08,8020.3
2015-09-05,17874.84,16984.15,21897.44,7623.93
2015-09-06,16793.99,16030.37,20564.88,7101.47
2015-09-07,17676.38,15680.960000000001,24339.49,8313.17
2015-09-08,12751.77,9948.8,19252.2,7644.78
2015-09-09,11679.48,10690.8,19424.9,7029.94
2015-09-10,12184.11,10243.3,19532.16,7718.37
2015-09-11,13528.84,12479.02,18428.06,7603.6
2015-09-12,17739.75,17863.14,22678.31,8575.27
2015-09-13,18889.21,17278.69,26790.71,9253.27
2015-09-14,13136.59,10254.53,18118.62,7597.85
2015-09-15,11800.63,10823.77,17155.9,7770.29
2015-09-16,10770.53,10260.380000000001,15836.77,6864.26
2015-09-17,11796.460000000001,10095.06,16346.300000000001,7598.06
2015-09-18,14371.16,12547.83,18843.25,7287.34
2015-09-19,17885.6,18433.87,24909.54,8365.2
2015-09-20,18769.5,18195.72,25610.54,9930.35
2015-09-21,13920.24,11570.74,20012.13,8421.03
2015-09-22,12221.02,10228.0,18765.78,7599.39
2015-09-23,11656.79,10001.07,18236.35,7240.02
2015-09-24,10837.32,10229.59,16276.5,7821.41
2015-09-25,14101.92,13189.84,19057.99,7725.25
2015-09-26,16709.38,18237.29,22312.91,9038.54
2015-09-27,18848.68,18778.44,24052.36,9289.81
2015-09-28,12916.87,10364.61,18464.6,8125.87
2015-09-29,10653.84,9990.63,16820.46,6473.2
2015-09-30,10635.58,9283.210000000001,16398.31,7243.07
2015-10-01,12505.33,11325.14,17803.99,7434.02
2015-10-02,15508.04,14205.08,19865.260000000002,8093.35
2015-10-03,19693.97,19377.71,25844.11,9987.13
2015-10-04,20653.23,19640.45,26518.87,10238.4
2015-10-05,15184.64,12228.74,22017.46,8418.88
2015-10-06,12821.0,10494.45,19365.63,7726.74
2015-10-07,12102.08,10144.94,18603.48,7512.07
2015-10-08,12374.39,11102.5,17904.34,7711.26
2015-10-09,13862.27,13989.85,20550.22,7922.04
2015-10-10,18061.38,18223.69,24074.96,8287.64
2015-10-11,18967.56,19881.66,19081.61,9529.960000000001
2015-10-12,15526.78,12287.15,22328.3,8657.75
2015-10-13,11934.47,10383.43,17545.53,7104.7
2015-10-14,11100.710000000001,9745.94,17792.7,7172.4800000000005
2015-10-15,11229.93,10038.65,17072.14,7030.21
2015-10-16,12806.72,13126.17,18464.0,6790.71
2015-10-17,17192.06,18643.72,23088.64,9178.31
2015-10-18,20413.07,19287.43,25785.72,9715.09
2015-10-19,13288.17,10833.39,19742.98,8529.56
2015-10-20,11833.69,10212.37,17242.22,7865.37
2015-10-21,11181.27,10291.86,16263.85,6916.22
2015-10-22,10576.630000000001,10719.25,16571.36,6955.26
2015-10-23,12280.07,13289.32,17848.25,7116.05
2015-10-24,16350.460000000001,17723.71,20729.0,8486.82
2015-10-25,18396.63,18728.9,25156.19,9677.52
2015-10-26,12628.6,11006.3,18998.86,7199.18
2015-10-27,11202.91,10540.64,17647.29,7585.97
2015-10-28,10926.19,9927.44,16803.64,7340.02
2015-10-29,10981.25,11073.03,17051.88,7237.15
2015-10-30,14316.86,14021.54,17719.06,8043.15
2015-10-31,16939.23,18008.33,20339.47,9134.79
2015-11-01,17525.58,19159.68,25745.08,8944.91
2015-11-02,13226.44,9939.63,18563.26,8149.82
2015-11-03,13132.47,10982.73,19414.38,7949.12
2015-11-04,11820.07,10670.01,17653.79,6855.96
2015-11-05,11577.710000000001,10341.99,16894.5,6939.86
2015-11-06,14108.07,12640.960000000001,18862.69,7443.39
2015-11-07,17831.5,18667.1,23241.9,8499.49
2015-11-08,17913.85,17724.74,26570.55,9040.53
2015-11-09,12723.7,10317.45,19151.83,7388.12
2015-11-10,12670.1,11001.79,17993.27,7535.95
2015-11-11,12549.04,11376.08,16856.13,6764.3
2015-11-12,10070.16,10106.47,15914.630000000001,7235.57
2015-11-13,12178.89,13007.8,16451.760000000002,6506.96
2015-11-14,16762.81,19299.76,22417.64,7991.02
2015-11-15,19543.66,18905.31,23883.47,10027.29
2015-11-16,12054.95,11360.3,18275.98,8053.42
2015-11-17,11124.98,9796.97,16037.92,7822.36
2015-11-18,10948.84,10519.72,15837.34,6541.0
2015-11-19,10594.75,10737.53,14703.83,6887.47
2015-11-20,12824.66,12311.35,16475.63,7601.34
2015-11-21,17085.920000000002,18649.04,20576.19,8686.37
2015-11-22,18712.4,17844.9,23925.15,8461.43
2015-11-23,14735.960000000001,11560.42,18315.68,7510.32
2015-11-24,12566.08,11265.79,16511.5,7683.31
2015-11-25,13755.16,13351.98,17534.57,8315.28
2015-11-26,6429.34,7286.15,10863.1,4624.4
2015-11-27,8771.39,11198.43,12441.84,4606.25
2015-11-28,12927.84,14130.04,16702.76,6353.07
2015-11-29,15336.800000000001,14605.2,20234.12,8163.44
2015-11-30,12626.01,11358.36,16790.84,7589.84
2015-12-01,12692.53,11504.36,17086.06,7388.25
2015-12-02,12101.4,10421.4,16735.71,6924.74
2015-12-03,12536.22,11998.1,18066.49,7415.69
2015-12-04,14811.970000000001,14963.09,19415.64,8323.79
2015-12-05,17569.920000000002,19472.91,21843.010000000002,8116.63
2015-12-06,18003.94,19164.25,24423.15,9221.09
2015-12-07,13945.06,11082.83,17991.71,8247.25
2015-12-08,11886.73,10191.66,16814.87,6905.82
2015-12-09,11412.98,10801.84,16492.58,6791.78
2015-12-10,10739.16,10378.51,16109.98,6907.13
2015-12-11,12537.62,11517.99,16531.71,7303.82
2015-12-12,17797.34,17440.24,20934.670000000002,8359.03
2015-12-13,17290.15,17619.38,22743.24,7811.29
2015-12-14,13542.25,11932.29,18282.95,7758.34
2015-12-15,12093.210000000001,11139.69,16514.670000000002,7238.45
2015-12-16,11872.380000000001,11008.09,17319.39,7187.38
2015-12-17,12290.5,11605.65,17375.32,6704.74
2015-12-18,12725.050000000001,11908.59,16161.04,6984.96
2015-12-19,18060.0,18189.52,20707.420000000002,7822.63
2015-12-20,16988.73,17109.6,21069.69,7702.07
2015-12-21,14379.48,12198.31,16758.35,7459.59
2015-12-22,13328.93,13556.32,17614.15,7252.63
2015-12-23,13796.130000000001,14515.0,16604.21,7904.43
2015-12-24,12379.94,12409.83,13351.05,7372.51
2015-12-25,0.0,3.56,7.96,0.0
2015-12-26,14636.83,14531.23,19670.37,6683.61
2015-12-27,14199.92,14782.73,18581.91,7088.57
2015-12-28,12723.54,12182.02,17727.170000000002,7102.0
2015-12-29,13029.55,12208.99,16771.05,6699.76
2015-12-30,12686.47,12735.36,16593.84,7090.95
2015-12-31,13971.72,13543.22,17397.52,8223.49
2016-01-01,11584.380000000001,12160.72,14739.87,5499.41
2016-01-02,17074.39,15531.86,21390.1,8756.19
2016-01-03,16807.16,17327.19,21947.61,9203.41
2016-01-04,14209.19,11856.72,19399.73,8479.08
2016-01-05,11668.65,10163.83,17672.45,7524.79
2016-01-06,10491.7,10348.7,15911.93,6443.74
2016-01-07,12626.17,11061.92,17590.64,7666.85
2016-01-08,13945.69,13072.79,17441.55,7022.39
2016-01-09,19286.61,20107.75,24520.68,8580.07
2016-01-10,18257.14,18385.65,25410.25,9024.16
2016-01-11,12763.87,11190.19,19120.36,7869.12
2016-01-12,11027.98,10451.9,16506.89,7395.52
2016-01-13,10234.42,9695.14,14837.89,6769.83
2016-01-14,10631.18,10291.9,15115.19,6278.78
2016-01-15,12685.53,13664.960000000001,16879.06,7388.59
2016-01-16,18066.14,18765.92,22736.21,8617.55
2016-01-17,17245.15,18001.920000000002,23168.87,8278.75
2016-01-18,13888.880000000001,15344.74,19577.46,8637.72
2016-01-19,9927.58,9744.18,15513.32,7091.0
2016-01-20,11650.37,10208.31,16036.51,7018.43
2016-01-21,10731.47,10502.460000000001,15719.24,6920.03
2016-01-22,11640.7,12119.95,15875.48,7676.06
2016-01-23,18839.04,20151.09,24451.57,9754.22
2016-01-24,17117.97,19309.12,25159.27,9539.16
2016-01-25,11780.210000000001,10584.63,19972.5,8013.6900000000005
2016-01-26,10710.99,10930.12,16294.44,7107.78
2016-01-27,9433.29,10562.85,16936.41,6962.3
2016-01-28,10630.78,10563.26,16634.15,6867.46
2016-01-29,12701.84,12700.41,17073.64,7454.12
2016-01-30,17952.04,19304.75,22740.11,9074.54
2016-01-31,19454.37,20415.23,26174.75,10202.9
2016-02-01,13218.72,11651.61,20115.25,8611.38
2016-02-02,12165.960000000001,11282.11,18540.260000000002,7370.33
2016-02-03,12239.25,10730.81,18604.16,7437.42
2016-02-04,12133.47,10922.47,19274.85,7380.26
2016-02-05,14042.01,13314.67,18950.97,7705.6900000000005
2016-02-06,21094.87,19946.170000000002,23380.81,10401.2
2016-02-07,16641.22,14188.78,21464.47,8920.79
2016-02-08,12894.44,11973.23,19509.24,7341.82
2016-02-09,12659.61,11346.78,18870.9,7211.89
2016-02-10,13122.26,11359.06,20338.78,7582.59
2016-02-11,12974.81,12922.73,20401.72,7778.650000000001
2016-02-12,12721.31,13643.03,18307.73,8206.11
2016-02-13,17668.14,18610.47,24470.21,9199.03
2016-02-14,14634.01,16480.72,21248.78,7788.05
2016-02-15,14627.14,15512.09,24266.5,8896.74
2016-02-16,11729.68,11094.58,18932.91,6978.02
2016-02-17,11871.59,10380.61,17028.69,6819.14
2016-02-18,11994.56,12066.75,17693.37,7518.09
2016-02-19,13656.79,12986.61,18946.02,7917.46
2016-02-20,17106.01,18858.86,23761.84,8407.06
2016-02-21,18316.02,20226.13,26476.420000000002,9532.17
2016-02-22,12824.31,11670.53,20078.41,8221.61
2016-02-23,11069.4,10303.93,17722.13,7454.79
2016-02-24,11266.75,10394.92,17162.01,6819.9
2016-02-25,10864.380000000001,11021.85,17510.03,7251.27
2016-02-26,12744.36,12748.44,18079.54,7673.1900000000005
2016-02-27,17097.03,19811.4,23148.12,8737.64
2016-02-28,19581.46,19385.79,25055.22,10271.85
2016-02-29,12209.91,11799.47,20619.55,8403.16
2016-03-01,12257.61,12408.52,20046.7,7736.14
2016-03-02,11849.08,11214.88,17970.7,7840.5
2016-03-03,11960.16,11834.630000000001,18809.7,7608.26
2016-03-04,12818.880000000001,12336.33,17587.44,7717.89
2016-03-05,18487.64,19292.03,24193.420000000002,9642.44
2016-03-06,22218.08,21002.47,28428.5,10868.81
2016-03-07,14184.5,11411.87,20856.75,8480.91
2016-03-08,12282.86,11166.13,19292.99,7920.38
2016-03-09,11456.81,12068.41,18511.45,7652.6900000000005
2016-03-10,12108.97,11872.38,17820.43,7851.35
2016-03-11,12657.45,13245.05,18531.2,7348.43
2016-03-12,18761.15,19961.91,24069.12,9226.4
2016-03-13,17377.44,19630.94,26000.55,9189.53
2016-03-14,13218.59,11965.32,20498.46,8821.92
2016-03-15,11305.86,10837.5,17992.93,8398.08
2016-03-16,11418.74,11552.95,18177.73,6961.95
2016-03-17,11220.15,10988.26,17229.98,6923.49
2016-03-18,13734.5,13272.77,17787.670000000002,8065.53
2016-03-19,17917.08,9014.24,24254.45,9622.55
2016-03-20,20295.99,7577.74,26807.35,10601.29
2016-03-21,13800.6,11548.69,20517.84,8470.44
2016-03-22,11651.97,11313.63,17826.670000000002,7839.15
2016-03-23,11941.01,10784.06,18000.39,7519.78
2016-03-24,12420.19,10969.86,17487.46,7803.33
2016-03-25,15876.01,15303.73,20280.05,8573.24
2016-03-26,19473.170000000002,20314.24,24759.47,9926.62
2016-03-27,14988.77,20439.87,24715.34,8755.88
2016-03-28,12739.57,11746.31,18015.24,7936.99
2016-03-29,12025.02,12544.33,17766.56,7506.97
2016-03-30,10774.99,11198.74,16911.86,7513.87
2016-03-31,12288.0,11928.93,17467.45,8083.14
2016-04-01,16415.05,15644.62,21494.53,8734.74
2016-04-02,19315.93,20176.43,23888.95,9994.79
2016-04-03,21161.63,22435.91,27739.27,10641.27
2016-04-04,15365.68,13893.99,22327.84,9016.32
2016-04-05,13036.960000000001,11279.1,20176.74,8892.92
2016-04-06,13039.6,11965.45,18075.76,7847.06
2016-04-07,12260.8,12371.44,18023.68,8074.55
2016-04-08,14871.550000000001,14775.12,19837.49,8024.09
2016-04-09,19910.55,21050.12,25762.02,10061.36
2016-04-10,19575.91,20945.43,29381.88,10856.48
2016-04-11,14351.39,12980.460000000001,21499.87,8809.83
2016-04-12,11771.11,11720.83,18331.34,6959.56
2016-04-13,11408.210000000001,11845.69,17515.84,7372.58
2016-04-14,11997.5,11271.14,18194.09,7962.45
2016-04-15,12969.3,14677.69,17544.65,8116.07
2016-04-16,17822.21,18016.33,22537.77,9449.460000000001
2016-04-17,19154.68,19373.06,26993.77,10247.65
2016-04-18,14254.3,12605.460000000001,20306.96,9556.16
2016-04-19,12530.75,11452.8,18832.71,8940.66
2016-04-20,12347.85,11564.22,18113.4,7978.28
2016-04-21,11687.99,10746.54,16230.51,8169.58
2016-04-22,14205.08,14654.14,18491.01,8301.77
2016-04-23,18317.93,19846.12,24861.53,9911.55
2016-04-24,20029.72,20513.38,26999.77,10951.73
2016-04-25,13887.08,12858.75,21662.510000000002,9353.61
2016-04-26,11996.210000000001,11855.37,17924.1,8345.31
2016-04-27,12037.84,11445.13,16858.21,8180.92
2016-04-28,11842.57,12615.2,16662.98,7523.25
2016-04-29,15531.11,13850.23,19288.78,8411.11
2016-04-30,18653.94,20725.21,24333.260000000002,9719.27
2016-05-01,20957.14,20896.89,26670.55,11039.87
2016-05-02,15497.53,14959.28,22582.73,10336.66
2016-05-03,14949.03,13332.37,20335.420000000002,9478.27
2016-05-04,13300.04,13149.59,20043.670000000002,8395.94
2016-05-05,12317.36,12843.16,19542.7,8307.35
2016-05-06,15798.44,14764.95,19599.12,8370.76
2016-05-07,19753.75,22133.26,24941.170000000002,10106.37
2016-05-08,17005.95,17591.66,22905.84,8705.03
2016-05-09,15494.36,13434.28,23045.47,10131.62
2016-05-10,14097.24,13432.33,20180.77,9253.93
2016-05-11,12747.16,12166.92,20375.920000000002,8578.03
2016-05-12,12972.42,12371.14,17510.73,8668.16
2016-05-13,15535.51,15537.74,19829.86,8745.19
2016-05-14,20314.35,21715.05,24562.27,10328.710000000001
2016-05-15,21730.28,22391.85,27210.84,11039.51
2016-05-16,15236.62,14045.24,20218.1,9646.05
2016-05-17,12447.15,12796.76,18372.2,8840.67
2016-05-18,12920.62,12766.25,17780.83,8116.41
2016-05-19,13259.9,13432.94,18635.35,8367.57
2016-05-20,13999.65,15545.28,18219.23,8960.17
2016-05-21,18637.7,24088.59,23849.52,9768.51
2016-05-22,21110.44,22019.3,27275.84,11863.05
