date,TX_1,TX_2,TX_3
2011-01-29,6586.68,9915.78,7597.99
2011-01-30,6610.6,9804.54,7356.54
2011-01-31,4551.97,6651.16,5406.7
2011-02-01,5374.39,6985.6,5597.97
2011-02-02,4347.07,6039.05,4069.74
2011-02-03,6769.82,8363.24,6875.96
2011-02-04,4435.84,6608.13,4960.6
2011-02-05,7226.66,9818.03,6918.25
2011-02-06,7866.75,10130.28,7555.79
2011-02-07,5456.29,7874.0,5920.59
2011-02-08,4458.54,6799.66,5406.49
2011-02-09,5150.65,6615.14,4987.9
2011-02-10,5093.34,6811.0,4482.26
2011-02-11,5740.67,7871.46,5614.91
2011-02-12,7846.17,10695.95,8229.49
2011-02-13,9367.68,13496.41,9508.51
2011-02-14,5250.06,7514.52,5862.15
2011-02-15,5899.28,7941.27,6378.15
2011-02-16,5348.45,7306.55,5571.37
2011-02-17,5121.75,6780.45,5514.03
2011-02-18,5677.7300000000005,7511.26,6084.96
2011-02-19,7407.07,10549.29,7965.51
2011-02-20,7528.32,11312.32,8137.24
2011-02-21,5311.86,8108.14,5941.78
2011-02-22,5088.61,7175.33,5237.19
2011-02-23,4414.97,6120.26,5161.41
2011-02-24,5122.85,6642.92,4859.74
2011-02-25,4890.25,6920.27,5175.12
2011-02-26,6909.73,10042.35,6586.89
2011-02-27,7063.87,10532.49,7314.1
2011-02-28,5242.16,7381.18,5429.12
2011-03-01,5096.65,8150.36,5674.71
2011-03-02,5002.81,6845.14,5001.84
2011-03-03,5034.9800000000005,7195.16,5728.4
2011-03-04,4649.03,7403.22,5583.88
2011-03-05,7115.14,10224.45,7862.69
2011-03-06,7985.27,12249.42,7803.3
2011-03-07,6145.66,8404.36,6369.02
2011-03-08,4949.96,6881.19,5347.57
2011-03-09,5855.31,7159.33,5474.74
2011-03-10,4851.22,6892.01,5191.39
2011-03-11,5404.5,7922.74,5846.58
2011-03-12,7474.39,9901.75,7185.81
2011-03-13,7635.31,10981.61,7759.09
2011-03-14,5822.35,8378.45,5912.21
2011-03-15,6514.98,7781.34,5918.43
2011-03-16,5116.57,6934.07,5728.45
2011-03-17,5439.55,7219.36,5111.26
2011-03-18,5725.64,7815.41,5718.27
2011-03-19,6486.11,9461.14,6117.13
2011-03-20,7725.47,9785.37,7076.86
2011-03-21,5387.35,7194.57,5727.36
2011-03-22,4580.4,6279.32,4978.71
2011-03-23,4633.64,6123.62,5082.55
2011-03-24,4664.09,6467.82,4511.55
2011-03-25,5031.52,6837.28,5165.9
2011-03-26,6476.61,8966.99,6765.06
2011-03-27,7505.22,10448.69,7566.7699999999995
2011-03-28,4713.58,7044.52,5222.32
2011-03-29,4430.91,6170.27,4878.53
2011-03-30,4597.75,5738.76,4389.78
2011-03-31,4632.0,6376.12,4962.0199999999995
2011-04-01,6662.47,7685.43,6612.87
2011-04-02,7074.12,9813.99,7507.58
2011-04-03,7807.28,10857.5,8340.72
2011-04-04,5163.2300000000005,6700.44,5739.6
2011-04-05,5713.29,7245.85,5334.87
2011-04-06,5176.89,6931.94,5068.18
2011-04-07,5588.25,7434.13,5530.46
2011-04-08,5664.96,7609.2,5595.05
2011-04-09,7450.27,10018.75,6942.86
2011-04-10,7981.56,10935.460000000001,7161.49
2011-04-11,6070.84,8258.08,5996.55
2011-04-12,5995.68,7720.29,5629.95
2011-04-13,5674.95,8016.35,5312.26
2011-04-14,4955.31,7252.52,5176.56
2011-04-15,6280.36,8844.47,6020.68
2011-04-16,7267.33,10150.4,7438.73
2011-04-17,7700.33,10267.52,7987.7300000000005
2011-04-18,5405.64,7564.62,5837.33
2011-04-19,5167.57,6625.21,5258.71
2011-04-20,4837.65,6791.92,5529.7
2011-04-21,4848.04,6709.03,4708.27
2011-04-22,5594.54,8902.42,6425.7
2011-04-23,6627.29,9886.31,7838.83
2011-04-24,6700.31,9479.61,5768.39
2011-04-25,4798.02,7424.53,5433.86
2011-04-26,4255.0,6046.34,4899.72
2011-04-27,4381.45,6145.21,4572.58
2011-04-28,4178.25,6444.89,4610.16
2011-04-29,5000.77,7942.39,5040.62
2011-04-30,6777.32,9954.3,6570.29
2011-05-01,7993.65,11084.31,7972.36
2011-05-02,5197.54,6892.51,5240.09
2011-05-03,5686.62,7318.79,6289.66
2011-05-04,4545.21,6628.1,4958.7300000000005
2011-05-05,5230.42,6804.71,5093.06
2011-05-06,7567.22,7761.9,5971.13
2011-05-07,7089.05,9313.07,6894.9800000000005
2011-05-08,5912.75,7758.9,6054.28
2011-05-09,6390.38,9043.14,5905.21
2011-05-10,5357.07,7102.43,4989.05
2011-05-11,5166.41,7366.66,6429.82
2011-05-12,5448.56,7209.09,5798.76
2011-05-13,6608.83,8433.17,6968.96
2011-05-14,6867.91,10276.28,7268.91
2011-05-15,8245.8,11309.79,8508.69
2011-05-16,5952.72,7623.17,5777.68
2011-05-17,5400.54,6950.96,5122.89
2011-05-18,4442.0,6405.49,4838.27
2011-05-19,4515.89,6668.72,4692.39
2011-05-20,5278.0,6734.94,5247.73
2011-05-21,6520.47,9375.68,6890.79
2011-05-22,6929.9400000000005,9972.23,6916.4
2011-05-23,5021.66,7182.13,5304.5
2011-05-24,4250.41,6209.27,5345.53
2011-05-25,4685.65,6606.63,4715.9
2011-05-26,4617.59,6963.67,5574.34
2011-05-27,4816.82,6908.7300000000005,5762.24
2011-05-28,6127.33,9104.05,6976.99
2011-05-29,6085.06,7998.67,6317.83
2011-05-30,5674.05,7919.17,6361.6900000000005
2011-05-31,4776.37,6240.02,5206.18
2011-06-01,6454.55,7970.4,6552.06
2011-06-02,5306.3,7112.4,5563.14
2011-06-03,6472.83,8253.38,7328.34
2011-06-04,6746.15,9290.34,7658.25
2011-06-05,7647.85,11026.210000000001,7631.63
2011-06-06,6051.03,8921.64,7838.35
2011-06-07,6585.78,7982.99,6960.39
2011-06-08,5478.72,7982.6900000000005,6297.3
2011-06-09,6030.4,7750.81,6489.66
2011-06-10,6326.25,8632.85,6366.02
2011-06-11,7400.92,9859.57,8681.01
2011-06-12,8039.81,11245.48,9043.84
2011-06-13,6180.4,9078.13,7450.84
2011-06-14,5839.53,7435.94,6424.1
2011-06-15,5871.28,8539.28,7043.81
2011-06-16,5454.17,7298.06,6158.89
2011-06-17,5937.64,7632.74,7021.14
2011-06-18,6740.51,9441.95,8255.4
2011-06-19,6724.49,9018.27,7571.37
2011-06-20,5964.69,8009.53,6420.13
2011-06-21,5083.26,6860.7,5887.7300000000005
2011-06-22,4120.8,6297.88,5293.47
2011-06-23,5327.9,7193.83,5838.09
2011-06-24,5694.11,7900.95,6742.9400000000005
2011-06-25,6254.89,8993.98,7003.12
2011-06-26,7006.19,9060.43,8201.49
2011-06-27,5360.05,7454.43,6290.55
2011-06-28,4612.69,6516.84,5661.2300000000005
2011-06-29,4316.02,6814.59,5080.87
2011-06-30,4575.06,6814.2300000000005,5734.68
2011-07-01,7224.0,9647.02,8077.71
2011-07-02,6700.57,9600.84,8313.47
2011-07-03,7243.93,9055.63,8216.54
2011-07-04,5592.57,8126.4800000000005,6702.2
2011-07-05,6035.53,8403.81,6985.9800000000005
2011-07-06,6076.85,7483.96,6125.39
2011-07-07,6819.68,8587.26,7663.83
2011-07-08,6060.54,8235.14,6810.9400000000005
2011-07-09,7557.05,10540.79,8192.91
2011-07-10,7303.69,10037.44,8708.42
2011-07-11,6806.61,9020.38,7693.11
2011-07-12,6210.96,7811.45,6824.24
2011-07-13,6517.12,8232.56,7230.27
2011-07-14,5190.67,7752.650000000001,6337.59
2011-07-15,7075.25,9518.95,7357.49
2011-07-16,7474.65,10280.22,8654.78
2011-07-17,7593.95,10108.54,8902.86
2011-07-18,5714.25,7353.64,6992.65
2011-07-19,5286.4,6555.4,5298.12
2011-07-20,4805.69,7679.53,5782.75
2011-07-21,5180.12,6990.83,6136.13
2011-07-22,5905.95,8288.03,6455.76
2011-07-23,6612.3,9987.23,7630.52
2011-07-24,6984.56,10026.99,8268.02
2011-07-25,5380.61,8276.57,6859.26
2011-07-26,5128.6,6923.07,5348.07
2011-07-27,4521.21,6685.06,5635.94
2011-07-28,4878.89,6909.64,5789.16
2011-07-29,5445.03,7885.51,6187.52
2011-07-30,6046.96,9653.57,7699.1
2011-07-31,6992.71,9531.83,8868.35
2011-08-01,6591.59,9197.81,8111.61
2011-08-02,5422.29,7124.61,6584.79
2011-08-03,6195.34,8150.36,7268.87
2011-08-04,5260.67,8069.46,7227.55
2011-08-05,6224.62,8545.3,7433.47
2011-08-06,8066.32,10637.32,8484.91
2011-08-07,8477.41,11006.79,9806.56
2011-08-08,5962.52,8579.08,7004.31
2011-08-09,6493.64,8190.08,6366.75
2011-08-10,5620.48,7919.19,6060.5
2011-08-11,6187.7,8530.57,6651.4800000000005
2011-08-12,7231.43,9659.76,7503.37
2011-08-13,9272.73,11628.97,9207.72
2011-08-14,8295.81,11107.15,9864.75
2011-08-15,7030.29,9481.7,8045.4800000000005
2011-08-16,6156.78,8354.33,6223.55
2011-08-17,6073.21,7700.9800000000005,6561.51
2011-08-18,5662.98,7671.03,6129.2300000000005
2011-08-19,6451.39,9067.26,7219.37
2011-08-20,8287.28,11057.03,8560.76
2011-08-21,9860.23,11721.57,10042.23
2011-08-22,6434.71,8911.95,6859.47
2011-08-23,5513.75,7403.25,6152.94
2011-08-24,5146.08,6569.57,5513.07
2011-08-25,4890.62,6872.51,5229.1
2011-08-26,5056.13,8034.45,6437.4800000000005
2011-08-27,7371.9,10117.13,8558.89
2011-08-28,7897.99,10320.86,8775.13
2011-08-29,5056.04,7594.9400000000005,5920.38
2011-08-30,4983.45,6604.04,5039.05
2011-08-31,4986.2,7663.5,5220.38
2011-09-01,7170.11,8450.34,6989.09
2011-09-02,6315.18,8513.72,7178.21
2011-09-03,8857.08,10777.87,8954.35
2011-09-04,6897.25,5763.76,7067.62
2011-09-05,7318.86,9867.91,7776.79
2011-09-06,5721.59,7617.76,6842.05
2011-09-07,6760.54,7895.38,6963.04
2011-09-08,5688.68,7338.3,5756.31
2011-09-09,6988.22,9616.11,6691.67
2011-09-10,8088.74,11117.98,8672.47
2011-09-11,8849.54,12208.86,10165.69
2011-09-12,6594.39,8532.59,7580.87
2011-09-13,6998.2300000000005,9961.32,6627.42
2011-09-14,5888.61,7329.69,6259.72
2011-09-15,7248.48,9307.06,6362.13
2011-09-16,6938.66,8737.54,7081.35
2011-09-17,8130.19,11172.87,8788.58
2011-09-18,7955.45,11401.75,9476.8
2011-09-19,5963.97,8346.69,7343.94
2011-09-20,5346.3,7400.03,5404.96
2011-09-21,5363.0,6377.16,5139.79
2011-09-22,4934.58,6884.66,5414.27
2011-09-23,5543.52,8220.47,6584.86
2011-09-24,7786.16,10283.28,8151.53
2011-09-25,8158.03,10846.77,9215.86
2011-09-26,5632.57,7751.17,6290.87
2011-09-27,5020.81,6731.4,5581.15
2011-09-28,4584.74,6802.93,5483.62
2011-09-29,4820.54,6934.38,5549.27
2011-09-30,6174.65,9450.49,7302.18
2011-10-01,9282.81,12721.2,9747.86
2011-10-02,8527.27,12206.4,8561.61
2011-10-03,7120.86,9291.04,7516.1
2011-10-04,5439.99,7681.2300000000005,6675.54
2011-10-05,6573.96,7503.07,6800.0
2011-10-06,6053.51,7700.07,6818.35
2011-10-07,6901.59,9943.16,8057.81
2011-10-08,7622.03,11255.23,7280.46
2011-10-09,8280.04,9780.3,8991.36
2011-10-10,6719.92,9950.85,8719.0
2011-10-11,6302.64,8641.22,7228.8
2011-10-12,6704.29,8613.1,8283.94
2011-10-13,6493.89,9161.24,7178.09
2011-10-14,6664.22,8860.99,7099.81
2011-10-15,9090.13,12621.5,9171.03
2011-10-16,9077.47,13276.61,9040.74
2011-10-17,6846.87,8658.58,7663.79
2011-10-18,5665.96,8459.54,6220.2300000000005
2011-10-19,5384.96,7675.22,6052.25
2011-10-20,5070.95,7243.43,5597.11
2011-10-21,5948.97,8367.02,6418.99
2011-10-22,7210.53,11059.28,7884.01
2011-10-23,7480.94,11621.32,8765.38
2011-10-24,5653.04,9145.93,6698.25
2011-10-25,4985.09,7276.27,5921.84
2011-10-26,5588.95,7548.35,5608.03
2011-10-27,4875.01,7528.41,5331.48
2011-10-28,5535.02,8324.15,6244.01
2011-10-29,7075.14,9845.02,7685.95
2011-10-30,7588.6,10143.1,8598.1
2011-10-31,5265.29,7436.33,6388.19
2011-11-01,6813.4,7891.97,7554.73
2011-11-02,5147.62,7404.14,6075.5
2011-11-03,5523.68,8323.44,7679.62
2011-11-04,5207.37,8920.68,6464.72
2011-11-05,8438.19,10980.07,8543.28
2011-11-06,8666.78,12231.17,10373.99
2011-11-07,6800.67,9084.81,7468.8
2011-11-08,5609.9,6844.94,5766.29
2011-11-09,5949.89,7799.77,7322.99
2011-11-10,5546.5,8001.95,6198.0199999999995
2011-11-11,5858.66,8885.07,7608.98
2011-11-12,8423.58,10916.43,8411.57
2011-11-13,9203.76,12127.11,9540.87
2011-11-14,6369.56,8195.98,7328.91
2011-11-15,6626.8,8532.69,7235.88
2011-11-16,5569.9,7602.29,6531.68
2011-11-17,5886.6,7836.03,5612.1
2011-11-18,5697.11,7799.51,6291.04
2011-11-19,7251.11,10571.1,7877.84
2011-11-20,8034.94,10871.77,8413.4
2011-11-21,5456.17,8300.07,7191.82
2011-11-22,5839.28,8417.42,6377.93
2011-11-23,7581.81,10178.98,8588.54
2011-11-24,5796.87,7826.7,5437.38
2011-11-25,5160.05,6489.83,5616.9
2011-11-26,5255.65,6965.05,6172.7
2011-11-27,6298.39,8791.97,6679.52
2011-11-28,4958.24,6719.76,5402.08
2011-11-29,4711.46,6602.96,5184.54
2011-11-30,5013.27,6983.88,5135.58
2011-12-01,6122.36,7552.96,6880.08
2011-12-02,5954.38,8184.35,6497.2
2011-12-03,8061.52,11024.44,8469.94
2011-12-04,7938.36,11120.7,8835.02
2011-12-05,6635.76,8868.83,7150.12
2011-12-06,6332.7699999999995,8579.0,6442.12
2011-12-07,6173.8,8263.73,6735.55
2011-12-08,5205.34,7577.21,5321.97
2011-12-09,6563.21,8830.51,6347.26
2011-12-10,7208.8,9658.07,7642.39
2011-12-11,9404.47,11524.16,9422.62
2011-12-12,6641.4,9449.67,8168.69
2011-12-13,7187.86,9493.74,7228.03
2011-12-14,6461.71,9265.28,7082.54
2011-12-15,7398.67,9968.63,7683.78
2011-12-16,6484.04,9165.41,6273.32
2011-12-17,8038.77,11253.47,7965.89
2011-12-18,7309.45,10331.16,7776.46
2011-12-19,6086.0,8878.07,7015.99
2011-12-20,5864.56,8113.54,6418.08
2011-12-21,5911.1,8475.28,6729.86
2011-12-22,6310.33,8815.14,7134.44
2011-12-23,7641.1,10745.44,7742.09
2011-12-24,7510.16,9600.34,8022.15
2011-12-25,0.0,0.0,3.36
2011-12-26,7606.15,9282.33,7576.6
2011-12-27,5674.97,8406.62,5692.35
2011-12-28,5618.56,8504.12,5720.5
2011-12-29,5488.36,7760.79,5707.5
2011-12-30,6941.12,9879.31,7689.6900000000005
2011-12-31,7644.3,10813.73,8638.56
2012-01-01,6293.6,7361.6,5104.71
2012-01-02,7141.76,10144.38,7452.25
2012-01-03,6471.97,9004.34,6661.35
2012-01-04,5449.26,7510.26,6412.7300000000005
2012-01-05,6558.87,8730.0,7046.99
2012-01-06,7465.8,9257.15,7013.99
2012-01-07,8624.11,11658.2,8355.23
2012-01-08,8659.42,11992.95,8664.97
2012-01-09,5565.62,7712.19,5801.27
2012-01-10,5952.93,8522.62,6061.75
2012-01-11,6744.8,8535.79,7518.59
2012-01-12,6126.82,8323.8,6606.34
2012-01-13,7199.1,10416.48,7311.28
2012-01-14,7821.9800000000005,11288.48,8423.3
2012-01-15,9203.51,11912.36,8695.58
2012-01-16,7372.37,9726.1,7252.9
2012-01-17,5118.3,7252.51,5927.93
2012-01-18,5407.63,7531.97,6200.31
2012-01-19,5596.5,7437.17,5904.24
2012-01-20,6218.86,9546.33,6389.19
2012-01-21,8503.91,11233.08,7907.4400000000005
2012-01-22,7664.89,12011.92,8611.62
2012-01-23,5691.52,8379.51,6233.65
2012-01-24,4996.28,7222.1,5510.9
2012-01-25,4618.41,6772.82,4791.31
2012-01-26,5063.4,7377.12,5381.31
2012-01-27,6065.6,8254.76,6296.81
2012-01-28,7156.03,11417.21,7907.48
2012-01-29,7896.31,11133.38,8561.3
2012-01-30,5834.65,8321.95,5668.19
2012-01-31,5333.84,7789.15,6072.03
2012-02-01,7764.65,10197.95,7765.8
2012-02-02,6205.19,8117.13,6736.7
2012-02-03,7598.58,10795.6,8080.07
2012-02-04,9215.88,13816.73,10070.95
2012-02-05,10576.13,14804.1,11172.38
2012-02-06,7003.46,10070.76,7990.88
2012-02-07,7263.88,10170.17,8073.87
2012-02-08,6253.88,8531.63,7534.63
2012-02-09,6713.92,8857.99,7043.68
2012-02-10,6203.22,8931.1,6953.04
2012-02-11,8654.33,13853.62,8740.03
2012-02-12,10422.25,13774.4,10551.08
2012-02-13,7824.88,11808.89,8639.0
2012-02-14,6374.38,8582.54,6392.99
2012-02-15,6820.09,9126.33,6472.22
2012-02-16,6208.09,8715.99,7088.92
2012-02-17,6093.34,8864.38,6837.17
2012-02-18,8137.29,11928.69,8584.98
2012-02-19,9768.86,13592.28,8659.28
2012-02-20,7254.21,9496.06,7438.93
2012-02-21,5746.79,8360.99,6291.81
2012-02-22,6080.86,7975.55,5734.66
2012-02-23,6402.86,8368.7,5879.6
2012-02-24,6908.29,8811.710000000001,6525.31
2012-02-25,8164.84,11554.210000000001,7889.61
2012-02-26,9112.82,13154.9,9320.23
2012-02-27,6555.88,9251.02,7427.17
2012-02-28,5901.77,7990.66,6437.33
2012-02-29,5783.16,8296.68,5971.75
2012-03-01,7544.05,10096.13,7596.64
2012-03-02,6994.7,9327.99,7611.74
2012-03-03,9251.79,13152.64,9144.08
2012-03-04,9910.61,12444.12,9522.89
2012-03-05,7414.3,11240.960000000001,8058.51
2012-03-06,7143.97,9810.45,7954.83
2012-03-07,6668.93,9839.59,7169.93
2012-03-08,7017.07,9195.07,6857.0
2012-03-09,7134.88,9540.37,6739.21
2012-03-10,9290.23,12946.34,9637.08
2012-03-11,9892.72,13921.58,10164.08
2012-03-12,8725.47,11664.9,8624.6
2012-03-13,8412.39,11548.55,8235.57
2012-03-14,7254.96,9735.89,7427.97
2012-03-15,7968.47,11861.07,7960.42
2012-03-16,7765.67,10701.74,7907.55
2012-03-17,8434.94,11276.29,8735.39
2012-03-18,10023.03,13046.05,9409.69
2012-03-19,6803.34,10050.32,8145.86
2012-03-20,6365.61,7979.4,6094.61
2012-03-21,6218.0,9019.34,6266.88
2012-03-22,5932.25,8912.460000000001,6710.38
2012-03-23,6967.57,9954.23,7084.94
2012-03-24,8379.56,12719.49,8823.04
2012-03-25,8906.08,12836.15,9366.0
2012-03-26,7050.27,9838.42,7129.42
2012-03-27,5778.66,8921.66,6453.31
2012-03-28,5922.41,7874.82,6168.6900000000005
2012-03-29,5831.6900000000005,7643.04,5773.87
2012-03-30,6799.41,10145.13,7324.17
2012-03-31,7927.97,12591.33,8532.18
2012-04-01,10813.66,15380.7,10780.48
2012-04-02,6433.43,9286.81,7342.64
2012-04-03,8293.54,10165.98,7999.63
2012-04-04,6906.45,8869.09,6417.9
2012-04-05,7627.81,9342.92,7448.39
2012-04-06,9408.210000000001,12651.77,9458.23
2012-04-07,11563.85,14807.31,10860.18
2012-04-08,11576.98,12698.07,8339.07
2012-04-09,7502.84,10451.28,7706.2300000000005
2012-04-10,6734.42,9771.52,6992.75
2012-04-11,7643.42,10381.07,7193.52
2012-04-12,7458.72,9177.76,7414.9400000000005
2012-04-13,8432.81,11535.78,7991.62
2012-04-14,9589.03,12824.67,9143.61
2012-04-15,11266.1,14734.83,10924.6
2012-04-16,7278.95,8883.94,6721.61
2012-04-17,7209.66,9427.62,7481.1900000000005
2012-04-18,6430.8,9020.33,6317.52
2012-04-19,6481.18,9085.68,6296.89
2012-04-20,5531.02,9137.77,6499.76
2012-04-21,8766.72,12953.17,7884.76
2012-04-22,9536.74,13203.13,9098.54
2012-04-23,7160.61,9085.11,7357.37
2012-04-24,6882.78,7726.95,5802.67
2012-04-25,6557.92,8294.18,6292.36
2012-04-26,6121.66,8538.08,6149.25
2012-04-27,6358.21,9679.42,6450.92
2012-04-28,9239.02,11727.92,8312.52
2012-04-29,8957.05,13758.28,8819.93
2012-04-30,7123.22,9287.83,6918.22
2012-05-01,8454.82,9960.95,7894.22
2012-05-02,6978.88,8974.26,6786.57
2012-05-03,7571.19,10368.07,7681.5
2012-05-04,7641.92,10051.59,7916.93
2012-05-05,10558.07,13056.4,9663.21
2012-05-06,11779.75,14870.83,9862.58
2012-05-07,8670.17,11488.66,8778.37
2012-05-08,6965.7,9067.04,6650.07
2012-05-09,6952.150000000001,10540.6,7514.86
2012-05-10,7069.39,8383.39,6592.2300000000005
2012-05-11,7478.15,10132.09,7788.09
2012-05-12,9679.33,13026.83,9822.28
2012-05-13,9943.82,12626.23,8949.87
2012-05-14,7737.0,10372.68,8071.54
2012-05-15,7724.62,10831.54,7574.3
2012-05-16,7228.08,9140.63,7300.9800000000005
2012-05-17,6502.46,8948.24,6801.36
2012-05-18,7634.19,10308.58,8010.13
2012-05-19,9341.91,12326.26,8684.04
2012-05-20,10194.07,13746.93,9512.710000000001
2012-05-21,7051.01,9475.26,7448.4800000000005
2012-05-22,6740.58,9200.97,7871.65
2012-05-23,6550.37,8773.18,6320.38
2012-05-24,6979.49,9421.05,6266.31
2012-05-25,7167.22,10683.19,8340.38
2012-05-26,8872.47,13762.65,8738.99
2012-05-27,8781.39,12555.77,8842.24
2012-05-28,8431.85,12473.79,8382.06
2012-05-29,7092.33,9094.19,6723.6
2012-05-30,6867.77,9330.82,6326.38
2012-05-31,6114.6,9085.23,6218.09
2012-06-01,8941.24,12423.94,10235.92
2012-06-02,9411.56,13358.82,10202.11
2012-06-03,10207.55,14473.82,10665.18
2012-06-04,8075.35,10821.76,8345.6
2012-06-05,8098.68,10746.73,7701.51
2012-06-06,8082.88,10973.94,7879.82
2012-06-07,8183.86,12097.57,8499.94
2012-06-08,7644.31,11090.79,7396.16
2012-06-09,9641.37,14122.01,10409.18
2012-06-10,10162.84,14262.210000000001,10191.06
2012-06-11,8891.85,12385.25,9001.35
2012-06-12,8028.87,10371.12,7590.28
2012-06-13,7607.56,10776.630000000001,8637.41
2012-06-14,7223.64,9617.62,7496.83
2012-06-15,9977.6,12017.05,9341.75
2012-06-16,9343.51,14343.69,10136.29
2012-06-17,9724.69,12351.58,9450.12
2012-06-18,8008.62,10701.14,8298.09
2012-06-19,6905.9400000000005,9631.09,6121.25
2012-06-20,7273.49,10245.74,6844.88
2012-06-21,6864.28,9496.960000000001,7031.93
2012-06-22,7561.55,11272.34,8211.85
2012-06-23,9002.35,12241.5,9484.48
2012-06-24,9594.7,13471.06,10011.79
2012-06-25,7144.72,10896.81,8133.74
2012-06-26,6467.35,9065.83,7530.69
2012-06-27,6494.74,8713.95,7249.39
2012-06-28,5868.5,9468.34,6711.15
2012-06-29,7252.89,11482.94,8777.97
2012-06-30,8162.02,12347.54,9645.94
2012-07-01,10406.47,13577.64,10084.91
2012-07-02,6956.15,10331.07,7896.9400000000005
2012-07-03,8258.57,11355.3,8642.63
2012-07-04,7611.44,10711.24,7671.82
2012-07-05,7355.1,11002.4,7704.29
2012-07-06,8575.38,11993.29,9519.43
2012-07-07,10370.04,14236.800000000001,9632.18
2012-07-08,9068.08,13240.29,9979.77
2012-07-09,7872.44,10196.7,8251.09
2012-07-10,6585.77,9902.710000000001,7744.27
2012-07-11,7624.18,10390.72,7448.4
2012-07-12,7598.78,9294.73,7502.89
2012-07-13,8711.77,11439.7,9302.34
2012-07-14,9523.77,14007.51,9742.88
2012-07-15,11281.7,14670.61,10376.98
2012-07-16,7438.38,10569.74,7867.74
2012-07-17,7047.61,8542.34,7063.02
2012-07-18,5988.82,8918.91,7156.78
2012-07-19,6533.97,10263.87,7277.26
2012-07-20,7457.12,11911.22,8598.67
2012-07-21,8695.53,13031.18,9046.08
2012-07-22,9818.19,13101.89,9775.42
2012-07-23,6490.12,9402.880000000001,8010.4
2012-07-24,5906.77,9841.03,7136.95
2012-07-25,5963.6,9500.69,6589.33
2012-07-26,6236.94,8859.95,7074.49
2012-07-27,6483.32,10553.95,7602.15
2012-07-28,7689.4,12690.4,8888.32
2012-07-29,8912.52,12909.9,9411.36
2012-07-30,6664.2300000000005,8783.01,7112.9400000000005
2012-07-31,6023.18,9217.84,7783.95
2012-08-01,7763.42,11241.36,8252.77
2012-08-02,7181.25,10447.9,8165.15
2012-08-03,8568.46,11789.0,9873.87
2012-08-04,9376.73,13094.3,10942.31
2012-08-05,9576.97,13786.050000000001,11209.130000000001
2012-08-06,8440.78,11774.16,8971.57
2012-08-07,7829.68,9966.19,8764.710000000001
2012-08-08,6864.15,9136.28,7044.79
2012-08-09,7533.24,9844.69,8525.4
2012-08-10,7577.41,10981.54,7847.76
2012-08-11,9630.25,14190.58,10798.15
2012-08-12,11039.27,14556.87,11092.78
2012-08-13,8326.13,12156.39,9378.94
2012-08-14,6764.84,9848.05,7240.1
2012-08-15,8232.46,10515.68,8356.14
2012-08-16,8015.1900000000005,11426.97,7235.89
2012-08-17,7527.16,11454.72,8871.24
2012-08-18,8520.98,12553.9,9505.17
2012-08-19,10017.26,13939.44,11426.78
2012-08-20,7289.36,10526.91,8217.77
2012-08-21,6863.6900000000005,9451.48,6787.64
2012-08-22,7208.63,9291.880000000001,6829.2
2012-08-23,6532.58,9514.15,6587.43
2012-08-24,7003.33,11725.380000000001,7935.17
2012-08-25,9452.35,13678.0,9986.62
2012-08-26,10289.84,13985.89,11345.14
2012-08-27,7283.47,11547.76,8178.7
2012-08-28,6828.85,9617.68,6845.6
2012-08-29,5843.71,9092.63,5766.54
2012-08-30,6309.49,8890.38,7104.06
2012-08-31,7770.8,11423.14,8981.14
2012-09-01,11084.3,14739.07,11571.32
2012-09-02,9685.74,12960.15,9470.09
2012-09-03,10300.17,13931.47,10765.47
2012-09-04,6838.6,9276.16,7848.28
2012-09-05,7447.2300000000005,9780.79,7285.62
2012-09-06,7756.06,10154.7,7709.2
2012-09-07,8230.14,11486.48,9020.3
2012-09-08,9656.07,14640.34,9970.68
2012-09-09,11022.03,15059.16,11496.49
2012-09-10,7592.4800000000005,10763.3,8024.63
2012-09-11,7531.74,9513.66,7807.09
2012-09-12,7501.48,9076.59,7734.69
2012-09-13,7407.24,10492.210000000001,6696.51
2012-09-14,7781.51,11723.61,8818.42
2012-09-15,10974.63,14667.62,11746.91
2012-09-16,10475.35,14608.39,10912.91
2012-09-17,7999.19,10923.28,8569.7
2012-09-18,6398.82,9513.86,6721.11
2012-09-19,6758.61,8265.73,6695.77
2012-09-20,6639.38,8867.26,6960.07
2012-09-21,8027.19,10407.13,7919.7
2012-09-22,9122.74,14347.53,9618.81
2012-09-23,10536.68,13866.51,10647.2
2012-09-24,6698.58,9682.02,8420.23
2012-09-25,6546.01,9100.68,7012.52
2012-09-26,6400.03,8966.68,7285.74
2012-09-27,6019.82,8575.53,6883.16
2012-09-28,7171.22,9758.36,7965.0
2012-09-29,9270.88,13147.22,10259.28
2012-09-30,9635.55,13217.17,10497.54
2012-10-01,8137.07,11886.11,9308.49
2012-10-02,6787.9,9448.710000000001,8000.52
2012-10-03,7575.61,10259.45,8523.94
2012-10-04,6380.07,8950.78,7061.79
2012-10-05,7690.76,10955.27,8434.44
2012-10-06,10124.73,13996.92,10004.42
2012-10-07,10528.82,13475.65,11467.27
2012-10-08,7334.84,9431.23,8396.37
2012-10-09,6752.84,9699.28,8171.650000000001
2012-10-10,6756.41,8998.8,7345.49
2012-10-11,7267.4800000000005,9569.06,7443.51
2012-10-12,8377.23,10819.92,9053.38
2012-10-13,10768.39,14153.06,10705.1
2012-10-14,10679.76,14317.43,11008.11
2012-10-15,9163.43,11459.210000000001,9813.73
2012-10-16,6317.4800000000005,7881.56,7740.49
2012-10-17,6567.0,9194.99,7673.0
2012-10-18,6681.66,8503.59,7352.32
2012-10-19,6493.92,9798.7,7678.12
2012-10-20,9400.47,12328.08,9693.18
2012-10-21,9256.17,13094.09,10327.53
2012-10-22,6881.15,10127.18,7197.54
2012-10-23,6030.99,8135.4,7327.99
2012-10-24,6181.35,8992.0,6692.81
2012-10-25,5193.87,8671.9,6311.42
2012-10-26,5943.49,10256.38,7022.4
2012-10-27,8117.14,11702.51,7913.92
2012-10-28,8528.01,11965.3,8430.69
2012-10-29,6348.4,9184.83,7227.55
2012-10-30,6063.11,9409.77,6659.4400000000005
2012-10-31,5900.32,8509.79,6316.46
2012-11-01,6845.96,9203.38,7751.74
2012-11-02,6686.19,9896.23,8165.4800000000005
2012-11-03,8796.02,13026.69,10242.82
2012-11-04,10268.15,12846.61,10092.09
2012-11-05,7145.45,9449.97,8667.76
2012-11-06,7069.67,8996.4,7428.84
2012-11-07,7374.28,9327.06,7903.1
2012-11-08,6397.13,8688.94,7470.63
2012-11-09,8072.77,10865.4,8128.84
2012-11-10,8863.74,12903.64,9517.34
2012-11-11,9953.49,14010.62,10532.28
2012-11-12,7550.52,9541.91,8078.9800000000005
2012-11-13,6768.14,8826.43,6931.12
2012-11-14,6011.43,7907.26,6742.04
2012-11-15,7558.42,9421.45,6377.52
2012-11-16,7184.1,9908.34,7075.6
2012-11-17,9023.460000000001,12961.03,8891.55
2012-11-18,8660.74,12465.79,9179.07
2012-11-19,6699.79,9880.76,7352.58
2012-11-20,6894.3,10440.65,7393.91
2012-11-21,9313.62,11837.81,9724.93
2012-11-22,7207.28,8700.02,5690.31
2012-11-23,5751.48,7377.37,6183.39
2012-11-24,7418.15,9851.6,7313.32
2012-11-25,8018.08,10354.54,7797.14
2012-11-26,6179.6,8278.05,6780.0
2012-11-27,5538.52,7667.9,5948.62
2012-11-28,5053.9800000000005,8032.81,5545.46
2012-11-29,5697.63,7498.61,5712.85
2012-11-30,6554.94,9432.22,7809.55
2012-12-01,9682.81,12753.61,10578.3
2012-12-02,9705.42,13271.03,9988.76
2012-12-03,7654.4800000000005,11311.86,8703.63
2012-12-04,6035.44,8285.03,6847.69
2012-12-05,7095.63,9456.35,7679.26
2012-12-06,7630.21,9568.89,6965.88
2012-12-07,8431.36,10464.4,7536.64
2012-12-08,9430.01,13079.78,9171.06
2012-12-09,10603.57,13974.16,10673.25
2012-12-10,6804.71,8392.89,7347.36
2012-12-11,7029.37,9831.84,6665.6
2012-12-12,7248.91,9375.36,7157.13
2012-12-13,7361.39,9840.89,7314.7300000000005
2012-12-14,7459.54,10468.15,7967.88
2012-12-15,9698.99,13378.58,10014.17
2012-12-16,9697.06,12972.98,9512.11
2012-12-17,7698.99,11026.54,7745.51
2012-12-18,7215.9400000000005,10073.960000000001,7651.59
2012-12-19,7264.7300000000005,10303.710000000001,7442.22
2012-12-20,7454.65,10715.960000000001,7728.61
2012-12-21,7165.94,10414.52,8028.94
2012-12-22,8798.79,12400.4,9328.3
2012-12-23,9877.380000000001,12669.4,9199.3
2012-12-24,7836.06,10615.61,7541.1
2012-12-25,0.0,0.0,5.26
2012-12-26,7925.05,11005.23,8260.65
2012-12-27,6322.95,9111.07,7077.78
2012-12-28,7342.72,11526.26,7543.42
2012-12-29,8533.11,11490.78,9309.65
2012-12-30,8362.77,11486.49,8499.77
2012-12-31,7730.83,10860.960000000001,8264.13
2013-01-01,6251.53,8863.87,6494.79
2013-01-02,6054.52,9047.22,7201.97
2013-01-03,7307.71,10352.68,8609.81
2013-01-04,6496.66,9471.59,7251.33
2013-01-05,8955.74,12154.04,8208.23
2013-01-06,9652.04,14409.77,9970.22
2013-01-07,8126.69,11705.85,8598.91
2013-01-08,6573.85,8300.48,6963.68
2013-01-09,6286.79,8108.07,6670.02
2013-01-10,6934.92,9710.83,6785.91
2013-01-11,7669.79,10567.83,8527.67
2013-01-12,9567.74,15415.960000000001,10493.04
2013-01-13,10361.54,14043.86,10135.48
2013-01-14,6421.57,8995.88,8031.61
2013-01-15,6504.75,8890.79,7374.36
2013-01-16,6255.4,9347.35,6763.6900000000005
2013-01-17,5999.45,9223.39,7013.5
2013-01-18,6898.93,10133.37,8120.79
2013-01-19,8840.41,13410.17,9343.89
2013-01-20,9112.87,13629.7,8843.710000000001
2013-01-21,7128.9800000000005,10866.460000000001,7710.11
2013-01-22,6139.3,8050.85,6852.6900000000005
2013-01-23,5978.77,8098.82,5917.75
2013-01-24,5459.83,8408.76,6643.62
2013-01-25,6276.72,9314.33,6835.77
2013-01-26,8528.01,11984.34,9656.99
2013-01-27,8999.960000000001,12955.61,9269.54
2013-01-28,6933.95,8507.01,7566.2300000000005
2013-01-29,5342.16,7724.34,6220.88
2013-01-30,5513.8,7427.02,6121.74
2013-01-31,5747.62,8180.6,6771.91
2013-02-01,8767.07,11768.630000000001,9262.36
2013-02-02,10104.18,15434.59,10615.95
2013-02-03,10708.12,13740.66,10238.57
2013-02-04,6251.44,9812.83,8490.26
2013-02-05,7434.71,10621.3,7543.15
2013-02-06,6984.85,9297.14,7416.65
2013-02-07,7748.02,11253.630000000001,8099.9800000000005
2013-02-08,7971.83,11299.89,8984.57
2013-02-09,9756.17,15393.75,10928.37
2013-02-10,10602.4,15460.81,11443.35
2013-02-11,7620.52,11803.37,8427.95
2013-02-12,7490.31,12146.36,8851.26
2013-02-13,9535.7,13262.14,9081.48
2013-02-14,7122.87,9613.24,6747.39
2013-02-15,8495.92,12311.26,8976.93
2013-02-16,10050.56,14113.15,10587.77
2013-02-17,11067.12,16484.24,11168.27
2013-02-18,8481.43,11200.74,9001.89
2013-02-19,7022.79,10288.41,7578.33
2013-02-20,6958.04,9425.53,7179.9800000000005
2013-02-21,7274.39,9872.73,7478.62
2013-02-22,7342.9,10877.11,7740.6
2013-02-23,9304.08,13499.17,9724.86
2013-02-24,10993.35,15811.83,10485.24
2013-02-25,7136.06,10679.17,7609.96
2013-02-26,6895.45,9700.43,7353.42
2013-02-27,7156.19,9376.85,7190.75
2013-02-28,6737.15,10537.66,6908.13
2013-03-01,8684.49,12690.81,9375.41
2013-03-02,10926.38,15313.68,9901.17
2013-03-03,11526.37,15513.06,10713.52
2013-03-04,8377.43,11400.63,8091.89
2013-03-05,7502.28,11154.18,8201.12
2013-03-06,7337.08,10776.14,7347.55
2013-03-07,7636.09,10200.57,7604.34
2013-03-08,4879.54,11125.98,7729.67
2013-03-09,10293.28,14151.08,9758.18
2013-03-10,10005.91,14356.27,10147.55
2013-03-11,8919.210000000001,12953.99,8781.75
2013-03-12,8957.58,11718.5,8274.3
2013-03-13,8250.52,12014.84,8154.04
2013-03-14,7461.31,10388.84,7363.43
2013-03-15,8487.23,12737.89,9167.18
2013-03-16,9955.2,14292.04,9316.59
2013-03-17,10301.75,14082.19,10707.67
2013-03-18,7840.69,11347.27,8505.61
2013-03-19,7152.09,10360.710000000001,7848.3
2013-03-20,7040.4,9565.13,6261.9800000000005
2013-03-21,6709.87,10008.97,7375.86
2013-03-22,7596.96,11565.24,6804.12
2013-03-23,9632.59,13528.8,8998.77
2013-03-24,10058.81,14816.74,9832.98
2013-03-25,6877.11,10321.48,7403.7300000000005
2013-03-26,6942.9800000000005,9898.14,7186.49
2013-03-27,6520.08,9281.17,6646.86
2013-03-28,6626.93,9763.57,6607.03
2013-03-29,8698.88,12555.66,8845.07
2013-03-30,9997.85,14818.0,10339.9
2013-03-31,10975.74,13043.14,7841.4800000000005
2013-04-01,8148.77,11743.48,8509.88
2013-04-02,6885.85,9617.19,7184.99
2013-04-03,6087.69,10510.78,7720.45
2013-04-04,8530.52,9098.73,6634.37
2013-04-05,7464.44,12029.52,8467.66
2013-04-06,10153.58,14120.54,9989.15
2013-04-07,11722.39,15263.66,10467.35
2013-04-08,7478.09,11073.35,8412.87
2013-04-09,7690.11,11263.56,7870.29
2013-04-10,7102.27,8970.33,6969.67
2013-04-11,7178.64,10355.02,7505.07
2013-04-12,7809.06,11208.460000000001,7861.93
2013-04-13,10817.2,14005.42,9383.58
2013-04-14,11013.45,14385.47,9574.73
2013-04-15,9128.01,11436.74,9375.07
2013-04-16,7642.73,9164.93,7719.61
2013-04-17,6812.99,9155.52,7135.38
2013-04-18,6272.21,8901.16,6671.48
2013-04-19,7322.1900000000005,10765.1,7675.52
2013-04-20,9228.07,13372.35,9005.6
2013-04-21,10121.2,13864.4,8813.52
2013-04-22,7635.39,9564.62,7440.12
2013-04-23,7180.2300000000005,9540.3,6829.8
2013-04-24,7175.96,8393.95,7042.06
2013-04-25,6213.61,8685.39,6304.4
2013-04-26,7243.61,10736.42,8231.16
2013-04-27,6430.94,10184.83,7266.52
2013-04-28,11160.710000000001,14572.960000000001,9342.210000000001
2013-04-29,6667.82,8526.79,6782.8
2013-04-30,6601.78,8624.42,7060.21
2013-05-01,7785.64,9238.55,8082.3
2013-05-02,6320.43,9111.72,6651.16
2013-05-03,7519.75,10504.7,7854.16
2013-05-04,8654.41,12061.74,8635.57
2013-05-05,10914.26,14199.82,9588.61
2013-05-06,7454.36,10847.48,8716.76
2013-05-07,7966.9,10295.59,8109.24
2013-05-08,7643.36,10225.58,7240.9800000000005
2013-05-09,7588.31,10816.83,8168.28
2013-05-10,6694.4,10412.09,6771.9
2013-05-11,9203.41,14360.69,9990.29
2013-05-12,10205.460000000001,11966.89,8454.73
2013-05-13,8688.12,12047.42,8831.21
2013-05-14,7104.83,10809.1,8566.75
2013-05-15,8383.74,10586.0,7577.65
2013-05-16,7604.56,9798.12,8029.33
2013-05-17,7987.58,11039.56,7750.63
2013-05-18,10301.91,14532.9,9840.67
2013-05-19,10688.75,15530.76,10023.74
2013-05-20,8029.1,10880.2,7771.39
2013-05-21,7343.55,9637.68,7497.7
2013-05-22,6828.64,9780.22,7774.65
2013-05-23,6797.6,9466.07,6595.99
2013-05-24,7334.46,12188.14,8091.78
2013-05-25,9190.76,13723.85,9127.75
2013-05-26,9355.460000000001,13699.23,8737.43
2013-05-27,8696.79,12456.62,8668.05
2013-05-28,6156.0,9519.48,7323.98
2013-05-29,6192.66,8699.25,5956.26
2013-05-30,6942.28,9410.61,6868.09
2013-05-31,7294.04,10869.32,7888.94
2013-06-01,10554.11,15971.84,11004.66
2013-06-02,9460.79,15088.92,10406.2
2013-06-03,8302.88,12231.710000000001,10200.25
2013-06-04,7559.5,10069.06,7959.53
2013-06-05,9790.98,10493.55,8064.79
2013-06-06,7667.71,11150.65,8262.87
2013-06-07,8226.21,12751.72,9141.53
2013-06-08,9807.04,14198.22,9576.75
2013-06-09,10189.94,15067.6,10682.210000000001
2013-06-10,8640.51,11542.18,8505.07
2013-06-11,8106.45,11569.04,7888.99
2013-06-12,8345.71,10909.7,7899.55
2013-06-13,8019.4,11478.86,8236.83
2013-06-14,8869.08,13170.14,8548.41
2013-06-15,11090.67,15465.64,9623.6
2013-06-16,10140.62,14089.57,9665.33
2013-06-17,7674.82,11459.36,8440.55
2013-06-18,7035.55,10488.18,7465.43
2013-06-19,7404.97,10394.18,7484.96
2013-06-20,7537.66,10264.97,6846.63
2013-06-21,7868.15,11666.05,8564.6
2013-06-22,9644.13,14118.45,9934.08
2013-06-23,10664.12,14015.37,10258.36
2013-06-24,7797.12,10884.78,8848.58
2013-06-25,7142.35,9569.92,7743.28
2013-06-26,6488.16,10005.1,7420.62
2013-06-27,6843.67,9841.91,6809.88
2013-06-28,7348.91,11015.89,8166.61
2013-06-29,8861.2,14698.55,9376.78
2013-06-30,10676.88,14803.28,10249.19
2013-07-01,8353.33,11612.94,9815.51
2013-07-02,7656.64,10358.76,7782.67
2013-07-03,8191.6,12830.23,9626.87
2013-07-04,8703.99,12339.99,8253.57
2013-07-05,8903.64,12609.53,8870.2
2013-07-06,9528.08,14208.68,10207.0
2013-07-07,10881.960000000001,14333.04,11069.49
2013-07-08,7748.9,11029.44,8264.23
2013-07-09,8227.0,11612.25,8126.9
2013-07-10,7282.26,10318.08,7148.24
2013-07-11,8181.78,12144.09,8756.72
2013-07-12,9643.9,13449.92,9134.49
2013-07-13,11106.87,15868.98,10934.17
2013-07-14,11215.64,14991.35,10028.65
2013-07-15,8629.27,12543.55,8823.05
2013-07-16,6880.82,10456.61,7599.37
2013-07-17,7396.1900000000005,10404.12,7663.82
2013-07-18,7321.57,11295.16,8117.32
2013-07-19,7293.25,11840.460000000001,7812.46
2013-07-20,8792.04,13905.83,9238.94
2013-07-21,9839.59,15156.09,9685.63
2013-07-22,7189.21,10617.49,8077.0
2013-07-23,7296.58,9990.44,7955.4
2013-07-24,7497.04,10927.89,7074.35
2013-07-25,6602.18,10662.62,7337.08
2013-07-26,7486.35,12352.61,8952.09
2013-07-27,8732.73,13489.44,9662.04
2013-07-28,9581.06,14534.14,9081.41
2013-07-29,7313.11,10596.14,7512.72
2013-07-30,6456.44,8959.61,7324.06
2013-07-31,6568.51,9716.51,6512.06
2013-08-01,8881.43,11768.12,9326.39
2013-08-02,8583.34,12792.03,10046.41
2013-08-03,9977.02,15514.87,10127.17
2013-08-04,10875.92,15673.03,9885.19
2013-08-05,8483.81,12383.27,9121.05
2013-08-06,8435.43,11434.26,9050.09
2013-08-07,8762.55,10796.86,8191.62
2013-08-08,7807.79,10158.210000000001,7889.62
2013-08-09,9352.22,13356.19,9275.87
2013-08-10,10173.79,14367.87,9764.94
2013-08-11,11787.42,15769.01,12140.88
2013-08-12,8847.19,12197.44,8801.76
2013-08-13,8888.36,11667.99,8789.53
2013-08-14,7240.78,9812.05,7068.38
2013-08-15,8370.12,11810.24,9286.34
2013-08-16,5371.04,12088.94,7887.19
2013-08-17,10103.210000000001,13874.17,10474.76
2013-08-18,10486.02,14705.29,10056.85
2013-08-19,6895.02,11007.24,8268.93
2013-08-20,6863.7300000000005,9357.72,7098.57
2013-08-21,7370.34,9481.78,7068.05
2013-08-22,7376.9800000000005,10226.47,7400.67
2013-08-23,7807.64,11148.44,8956.93
2013-08-24,10224.12,14207.35,10200.84
2013-08-25,11230.48,15537.19,11292.12
2013-08-26,6964.65,11274.16,8102.72
2013-08-27,6899.76,9888.2,7353.79
2013-08-28,7124.88,9982.27,7316.95
2013-08-29,6616.82,8945.710000000001,6716.1
2013-08-30,8317.46,11062.02,9204.97
2013-08-31,9920.39,14710.77,11069.31
2013-09-01,10971.73,14473.76,10947.29
2013-09-02,9318.83,14177.57,10515.2
2013-09-03,6927.43,11101.45,9121.64
2013-09-04,7050.0,9834.41,7649.05
2013-09-05,7470.9800000000005,10840.18,8007.63
2013-09-06,8082.01,11685.87,8235.72
2013-09-07,10995.78,15226.45,11190.27
2013-09-08,10570.33,16190.91,11565.35
2013-09-09,8719.35,11876.76,8935.460000000001
2013-09-10,7381.68,9085.83,7531.74
2013-09-11,7281.2,10786.12,8297.62
2013-09-12,8421.74,10917.14,8341.81
2013-09-13,8679.36,12805.54,9717.66
2013-09-14,11198.65,15545.4,10742.04
2013-09-15,12233.87,16383.55,11820.18
2013-09-16,8205.8,10580.4,9141.52
2013-09-17,6693.7300000000005,10019.12,7928.7
2013-09-18,7094.57,9590.1,7593.53
2013-09-19,6850.2,9301.75,7220.3
2013-09-20,6890.91,9799.95,7470.84
2013-09-21,10449.39,14484.69,11147.87
2013-09-22,10577.97,14010.8,10774.38
2013-09-23,7277.83,10262.46,7400.12
2013-09-24,6743.03,9163.05,7386.38
2013-09-25,6840.07,8829.58,7166.57
2013-09-26,7000.41,8852.33,6701.83
2013-09-27,7359.61,11021.61,7820.13
2013-09-28,9300.11,13883.68,10367.1
2013-09-29,10154.83,13855.56,9700.19
2013-09-30,7112.31,10175.52,7806.75
2013-10-01,8220.06,11619.38,10049.88
2013-10-02,7126.61,9192.54,7717.8
2013-10-03,8173.88,10769.28,9747.86
2013-10-04,7575.2300000000005,10653.03,8664.03
2013-10-05,10615.06,14774.85,10687.07
2013-10-06,12518.37,15664.85,12961.6
2013-10-07,8292.38,11777.86,9742.87
2013-10-08,7345.49,10003.67,8046.49
2013-10-09,7694.16,10201.45,8716.04
2013-10-10,7855.74,9919.210000000001,7200.01
2013-10-11,8669.12,11856.74,8570.85
2013-10-12,11519.79,13119.17,9942.07
2013-10-13,12223.7,16513.34,11522.34
2013-10-14,8687.18,11368.38,9955.380000000001
2013-10-15,7788.19,10171.41,9085.24
2013-10-16,6777.82,10400.73,7270.13
2013-10-17,7165.11,9876.02,6133.71
2013-10-18,7187.45,9820.22,8282.52
2013-10-19,9690.33,13944.37,9912.63
2013-10-20,10508.35,13679.02,10126.05
2013-10-21,8125.99,10326.53,8148.24
2013-10-22,6708.43,9224.49,7353.77
2013-10-23,6660.64,9362.56,7036.78
2013-10-24,6582.39,9177.12,7116.2
2013-10-25,6857.85,10979.24,7904.82
2013-10-26,9632.72,13059.56,9844.17
2013-10-27,10183.25,14125.1,10783.31
2013-10-28,7165.63,10295.98,8192.19
2013-10-29,6583.06,8709.97,6941.05
2013-10-30,6762.68,9626.41,6845.29
2013-10-31,6097.63,7976.28,6264.24
2013-11-01,8600.8,12618.9,10370.3
2013-11-02,10063.21,13286.67,10405.85
2013-11-03,10697.44,14808.880000000001,10418.63
2013-11-04,6497.94,10107.53,8193.45
2013-11-05,8151.21,10280.57,8282.28
2013-11-06,7354.6,9757.42,8793.95
2013-11-07,7342.44,9899.44,8060.47
2013-11-08,6999.08,9376.37,8549.02
2013-11-09,9715.76,13524.59,10141.66
2013-11-10,10435.82,13471.43,9983.76
2013-11-11,7930.58,10605.19,9456.69
2013-11-12,7467.94,10293.0,8220.35
2013-11-13,7398.56,8551.42,7515.47
2013-11-14,6250.34,8411.35,6710.82
2013-11-15,7473.81,11052.09,8544.47
2013-11-16,9492.58,13367.0,10559.15
2013-11-17,11077.5,13896.82,10332.13
2013-11-18,7321.61,9330.23,8146.27
2013-11-19,5817.43,9055.36,7245.68
2013-11-20,6320.06,9140.41,7161.65
2013-11-21,6358.9,9126.48,6895.66
2013-11-22,6806.72,10542.05,7635.5
2013-11-23,8264.04,12297.58,9502.31
2013-11-24,9221.74,12795.47,9264.61
2013-11-25,6170.24,7636.53,6639.82
2013-11-26,7042.03,9634.24,8358.210000000001
2013-11-27,8237.97,11055.93,9967.79
2013-11-28,6013.81,7064.0,5168.9800000000005
2013-11-29,6379.66,7913.06,6926.72
2013-11-30,7215.07,10569.77,7229.6
2013-12-01,10076.41,12054.41,9337.24
2013-12-02,6929.56,9694.78,8683.24
2013-12-03,8014.24,10634.14,9056.41
2013-12-04,6384.41,8964.03,7592.77
2013-12-05,7991.3,9224.710000000001,7711.55
2013-12-06,7408.62,10089.77,8381.24
2013-12-07,9440.67,13026.51,9560.76
2013-12-08,9991.91,12752.26,9429.06
2013-12-09,7039.14,9797.34,8066.6
2013-12-10,6793.95,9426.59,7063.56
2013-12-11,7318.08,9686.65,7283.54
2013-12-12,7180.79,9656.37,7722.0
2013-12-13,8368.26,10413.25,7866.88
2013-12-14,9643.14,13046.47,9862.97
2013-12-15,11646.16,13916.36,10635.2
2013-12-16,7639.38,10480.88,8554.7
2013-12-17,7307.7,9809.39,7431.93
2013-12-18,7804.63,10265.55,8245.61
2013-12-19,8919.78,10450.9,9114.08
2013-12-20,7585.85,10012.72,8267.39
2013-12-21,8355.66,11393.89,8538.33
2013-12-22,9690.97,11184.1,9156.66
2013-12-23,7939.89,10376.94,8632.07
2013-12-24,7749.33,9326.62,7570.78
2013-12-25,1.58,17.08,1.58
2013-12-26,7547.65,10397.16,8819.7
2013-12-27,7279.51,9946.19,8215.63
2013-12-28,8652.4,11992.84,8672.04
2013-12-29,7847.2,11229.99,8436.26
2013-12-30,7154.9,10088.69,7312.76
2013-12-31,6935.6,10877.04,8251.02
2014-01-01,6253.64,9172.36,5892.78
2014-01-02,7070.07,9516.19,7823.57
2014-01-03,7876.22,10583.08,9735.77
2014-01-04,8612.05,12704.08,9994.1
2014-01-05,10256.27,14101.62,10417.77
2014-01-06,7666.68,10912.75,8598.41
2014-01-07,7710.3,9613.91,8071.34
2014-01-08,7257.16,9566.17,8038.42
2014-01-09,7488.19,10010.460000000001,7987.39
2014-01-10,6996.79,9469.460000000001,7734.9400000000005
2014-01-11,9975.16,13794.76,11095.64
2014-01-12,10895.03,14562.19,11066.04
2014-01-13,7878.53,10356.33,9104.56
2014-01-14,6779.84,8586.18,7183.2300000000005
2014-01-15,7133.14,9403.41,7787.37
2014-01-16,6476.36,8037.64,7436.56
2014-01-17,7000.76,8925.2,7690.18
2014-01-18,9450.82,10783.93,8890.47
2014-01-19,10304.48,11561.22,9951.88
2014-01-20,7786.22,9831.25,8387.44
2014-01-21,6666.54,7549.62,6330.38
2014-01-22,6128.6,7690.55,6998.52
2014-01-23,5689.38,7491.78,6581.18
2014-01-24,6307.84,8294.73,6670.2300000000005
2014-01-25,7951.6900000000005,11239.87,9756.17
2014-01-26,9578.15,10883.73,9524.24
2014-01-27,7447.45,10219.88,8552.41
2014-01-28,4672.64,5599.11,4733.06
2014-01-29,5734.05,6605.57,6241.65
2014-01-30,6202.21,7145.88,6277.07
2014-01-31,6885.84,9048.52,9247.46
2014-02-01,9854.5,12737.130000000001,11251.91
2014-02-02,9051.98,11313.62,10258.81
2014-02-03,7206.97,9633.68,9562.75
2014-02-04,5923.05,7487.74,7367.16
2014-02-05,6816.77,7769.65,8414.09
2014-02-06,6408.52,8945.37,7164.56
2014-02-07,7733.77,9449.88,8683.88
2014-02-08,10169.75,11950.59,10888.94
2014-02-09,11546.77,13682.22,13171.65
2014-02-10,7496.66,9030.4,8170.09
2014-02-11,8052.8,8876.57,8753.75
2014-02-12,9107.0,11080.48,11009.55
2014-02-13,10282.85,12214.51,10664.64
2014-02-14,8255.02,10152.61,8993.24
2014-02-15,10664.2,13160.95,12071.99
2014-02-16,11558.68,13423.93,11555.5
2014-02-17,8942.47,12011.87,10898.92
2014-02-18,7399.35,9147.18,8327.76
2014-02-19,6502.25,8505.14,8257.14
2014-02-20,6814.09,8769.79,8358.72
2014-02-21,8170.45,9555.25,8951.63
2014-02-22,9759.61,11209.71,10794.38
2014-02-23,11282.62,14457.02,12650.89
2014-02-24,7708.87,9631.84,9083.92
2014-02-25,7379.88,8853.91,8091.45
2014-02-26,5715.32,7633.36,7530.58
2014-02-27,7025.2,8718.27,8478.24
2014-02-28,7633.72,10580.88,9431.36
2014-03-01,10684.47,12855.98,11832.81
2014-03-02,10487.23,12173.380000000001,11929.59
2014-03-03,7956.1,9835.25,10848.33
2014-03-04,6293.03,7388.08,7991.5
2014-03-05,7860.71,9363.460000000001,8534.460000000001
2014-03-06,8391.7,9012.54,9983.5
2014-03-07,8075.27,9684.25,9326.9
2014-03-08,9820.710000000001,12201.75,11324.12
2014-03-09,12872.91,15306.16,12771.57
2014-03-10,8483.19,10461.45,11725.01
2014-03-11,8958.710000000001,9808.75,10194.4
2014-03-12,9012.64,9913.15,10540.24
2014-03-13,8837.05,10446.09,9913.82
2014-03-14,8302.9,9831.67,10439.39
2014-03-15,10487.56,11892.54,11800.44
2014-03-16,11312.09,14245.92,13295.09
2014-03-17,8508.88,10036.08,9536.5
2014-03-18,7692.9400000000005,9004.35,8344.31
2014-03-19,6545.1900000000005,9277.6,9247.460000000001
2014-03-20,6752.78,8753.81,7909.62
2014-03-21,7645.59,9724.47,9126.78
2014-03-22,9858.45,10914.88,9848.87
2014-03-23,10689.380000000001,12910.66,11567.59
2014-03-24,7734.46,9814.55,9637.39
2014-03-25,7017.99,8920.53,7930.71
2014-03-26,6119.71,3566.96,7953.76
2014-03-27,7135.44,12554.66,7883.29
2014-03-28,6963.52,8968.6,8225.47
2014-03-29,9502.03,10713.75,10611.93
2014-03-30,10561.35,13001.26,11001.81
2014-03-31,7569.0,9304.78,10594.18
2014-04-01,8739.66,9459.17,11228.39
2014-04-02,7480.91,8366.11,8980.01
2014-04-03,7802.46,9058.2,9901.61
2014-04-04,8399.45,9687.79,9548.210000000001
2014-04-05,10656.05,12180.88,12008.880000000001
2014-04-06,12648.37,13869.47,12219.16
2014-04-07,8610.35,10462.44,11218.56
2014-04-08,7649.8,8996.23,8748.19
2014-04-09,7767.6,9394.1,9158.39
2014-04-10,7511.4,8766.68,8762.16
2014-04-11,8367.03,10604.17,10369.77
2014-04-12,11248.2,12920.03,12161.22
2014-04-13,13413.59,14584.26,14021.76
2014-04-14,8324.78,8915.39,9689.52
2014-04-15,9158.77,11026.87,11514.64
2014-04-16,8494.16,9754.03,9930.56
2014-04-17,7609.79,9207.06,9442.19
2014-04-18,9216.91,11937.04,11699.77
2014-04-19,10480.41,13397.01,13326.31
2014-04-20,12221.51,12845.66,10558.27
2014-04-21,7792.67,9246.45,9831.4
2014-04-22,8035.65,9728.65,8668.91
2014-04-23,7137.5,8945.41,8906.84
2014-04-24,7146.64,9226.36,8968.8
2014-04-25,7826.54,10446.89,9925.74
2014-04-26,9784.55,12094.11,11834.27
2014-04-27,11396.06,12188.11,11615.76
2014-04-28,8114.81,9455.460000000001,10131.74
2014-04-29,6857.57,8690.45,8588.45
2014-04-30,6971.88,8555.72,8786.93
2014-05-01,8454.48,9751.36,9870.39
2014-05-02,8080.09,10162.95,10070.710000000001
2014-05-03,10766.26,12198.880000000001,12920.91
2014-05-04,10957.77,13185.41,12516.52
2014-05-05,8709.19,10183.61,10398.56
2014-05-06,8388.52,9432.6,9343.26
2014-05-07,9168.77,9805.68,8818.710000000001
2014-05-08,6741.78,8923.55,8676.29
2014-05-09,7780.66,9705.98,10170.53
2014-05-10,10412.4,11853.12,10998.54
2014-05-11,10849.24,11939.2,10908.03
2014-05-12,9323.29,9910.77,10135.89
2014-05-13,8502.84,9438.73,9401.24
2014-05-14,7314.89,8980.81,8143.18
2014-05-15,7846.83,9268.61,10439.8
2014-05-16,8379.58,9409.34,9810.82
2014-05-17,9592.68,11005.43,11191.82
2014-05-18,10781.99,13313.79,11867.64
2014-05-19,8057.03,9753.39,10068.43
2014-05-20,7461.59,8995.1,8722.88
2014-05-21,7472.86,8481.92,8935.08
2014-05-22,7319.45,8886.55,8661.03
2014-05-23,7294.36,10144.14,9746.68
2014-05-24,9934.68,12049.33,10429.89
2014-05-25,10557.39,11439.880000000001,10376.75
2014-05-26,8067.21,10732.92,8958.87
2014-05-27,6692.35,8479.08,7772.4800000000005
2014-05-28,6936.29,8706.81,8706.65
2014-05-29,7212.51,8616.31,7400.39
2014-05-30,8437.61,9566.33,9702.28
2014-05-31,9553.79,11845.42,11208.92
2014-06-01,11750.78,13271.33,12955.62
2014-06-02,8699.09,10087.84,10406.79
2014-06-03,9167.85,10088.44,10961.54
2014-06-04,7724.74,9385.15,8859.88
2014-06-05,8689.68,10385.09,9719.34
2014-06-06,9892.29,8824.09,10217.16
2014-06-07,10691.73,15789.130000000001,12927.23
2014-06-08,11064.42,12699.4,12517.64
2014-06-09,8813.95,10308.7,10447.43
2014-06-10,7615.38,9203.4,9700.61
2014-06-11,8164.8,10175.89,10439.33
2014-06-12,8797.88,10164.85,8957.6
2014-06-13,9677.47,11487.47,10712.91
2014-06-14,10961.8,12978.97,11984.210000000001
2014-06-15,10401.22,13058.3,12162.53
2014-06-16,9444.43,10484.22,10218.78
2014-06-17,8219.55,8914.91,9358.3
2014-06-18,7859.96,8939.05,8233.28
2014-06-19,7851.12,10117.31,8894.69
2014-06-20,8954.460000000001,11190.31,9638.68
2014-06-21,10217.85,12364.0,11910.92
2014-06-22,10661.0,12599.06,11720.94
2014-06-23,7326.4800000000005,9401.78,8904.17
2014-06-24,7452.64,7966.26,7937.26
2014-06-25,6919.78,8364.61,8235.43
2014-06-26,6491.0,9043.62,7992.59
2014-06-27,7859.15,10279.84,9044.07
2014-06-28,8571.56,10999.62,10822.45
2014-06-29,9964.63,11070.19,11337.35
2014-06-30,7849.76,10108.13,9479.710000000001
2014-07-01,9262.86,10793.4,10963.07
2014-07-02,7385.56,9701.45,9582.97
2014-07-03,9746.03,13589.82,12909.62
2014-07-04,9472.83,12480.15,11131.51
2014-07-05,9784.36,10891.13,11348.38
2014-07-06,11293.26,11891.710000000001,11554.78
2014-07-07,9040.57,11377.45,11393.08
2014-07-08,7939.28,9120.0,9704.47
2014-07-09,9034.210000000001,10986.73,10300.57
2014-07-10,7852.37,9743.460000000001,9931.78
2014-07-11,9784.47,10964.86,11455.79
2014-07-12,12154.95,13689.37,13260.35
2014-07-13,11871.66,12810.84,12548.4
2014-07-14,8335.39,10460.51,10143.99
2014-07-15,8779.37,9796.380000000001,10380.47
2014-07-16,7326.31,10141.37,9178.75
2014-07-17,7667.43,9843.16,8734.45
2014-07-18,7728.150000000001,10677.65,9633.38
2014-07-19,10971.84,12446.89,11416.880000000001
2014-07-20,11133.9,12544.54,10894.17
2014-07-21,7794.9800000000005,9780.08,9352.11
2014-07-22,7357.82,8980.54,8803.63
2014-07-23,7074.38,9435.86,8186.53
2014-07-24,7227.9800000000005,8159.99,8058.4400000000005
2014-07-25,7460.81,10149.05,9437.210000000001
2014-07-26,9192.73,11522.26,10270.04
2014-07-27,10891.81,12365.64,11671.35
2014-07-28,7378.45,9657.960000000001,9728.210000000001
2014-07-29,7202.15,9048.94,8142.56
2014-07-30,7005.22,8949.26,8911.69
2014-07-31,7620.07,9041.55,8776.68
2014-08-01,10561.38,12381.73,14152.57
2014-08-02,10559.33,12848.5,12930.34
2014-08-03,10821.67,12845.4,11770.0
2014-08-04,8158.07,9440.25,9861.960000000001
2014-08-05,8003.4,10026.7,8739.16
2014-08-06,7397.26,10039.74,8521.87
2014-08-07,7720.69,9677.710000000001,9676.4
2014-08-08,8879.25,10786.54,9354.35
2014-08-09,9833.3,12136.81,11180.29
2014-08-10,10264.210000000001,12382.63,10152.63
2014-08-11,7868.12,10406.14,9904.76
2014-08-12,8218.61,9573.19,9292.47
2014-08-13,8717.83,9906.47,9434.42
2014-08-14,8280.61,9539.35,8846.23
2014-08-15,9246.94,10893.49,10056.44
2014-08-16,10487.49,13158.48,11598.32
2014-08-17,11341.7,13521.47,12439.29
2014-08-18,8155.02,9716.04,10566.89
2014-08-19,7903.15,8741.17,9026.77
2014-08-20,7939.45,9004.12,8532.41
2014-08-21,7857.35,9863.78,8976.8
2014-08-22,8745.78,10945.9,11024.52
2014-08-23,10440.28,13157.56,12495.8
2014-08-24,12140.48,14621.06,13637.66
2014-08-25,8282.29,10527.14,11387.71
2014-08-26,7929.01,9290.18,9096.99
2014-08-27,7221.05,7812.2,8362.28
2014-08-28,6722.85,9090.51,8420.43
2014-08-29,7373.99,9967.8,10261.25
2014-08-30,9813.75,12613.38,12299.62
2014-08-31,9508.62,11062.130000000001,10643.2
2014-09-01,10606.04,14056.85,11590.09
2014-09-02,7382.35,9022.9,8337.14
2014-09-03,8342.61,10381.99,9893.52
2014-09-04,6790.21,8971.2,8204.18
2014-09-05,7937.82,9674.69,8753.7
2014-09-06,10469.3,13567.44,12180.35
2014-09-07,8858.27,14500.710000000001,12719.3
2014-09-08,8616.13,10219.74,10659.09
2014-09-09,7995.27,9470.54,9516.48
2014-09-10,7602.24,9274.77,8604.79
2014-09-11,8571.07,9931.97,10393.16
2014-09-12,8645.44,10669.91,9820.56
2014-09-13,11937.02,14814.51,13607.05
2014-09-14,11116.65,13990.59,13095.15
2014-09-15,8879.98,10665.22,10566.29
2014-09-16,7589.04,8059.06,8791.97
2014-09-17,7301.21,8394.0,8505.210000000001
2014-09-18,7037.75,7572.79,7217.5
2014-09-19,8375.84,10152.0,11264.88
2014-09-20,10169.85,12651.51,12144.27
2014-09-21,11207.98,13364.02,12559.130000000001
2014-09-22,7820.77,9283.65,8963.19
2014-09-23,7009.41,8407.65,8758.460000000001
2014-09-24,7016.7,8498.79,8488.89
2014-09-25,6596.47,8789.34,7858.3
2014-09-26,7262.75,9692.85,9033.12
2014-09-27,9246.05,11872.14,10964.07
2014-09-28,10370.7,12321.25,12253.97
2014-09-29,7475.08,9046.39,9014.62
2014-09-30,7069.74,8328.35,8133.3
2014-10-01,8838.12,10209.66,10500.63
2014-10-02,7925.74,9228.2,10004.48
2014-10-03,9713.36,12012.49,11310.53
2014-10-04,11174.61,12898.91,12906.16
2014-10-05,12413.0,14440.18,13307.89
2014-10-06,8770.64,10190.65,10702.56
2014-10-07,8770.23,10418.33,10899.57
2014-10-08,7606.83,9257.91,9539.67
2014-10-09,8136.63,9360.26,10592.66
2014-10-10,8239.13,9598.07,10279.14
2014-10-11,10652.65,14235.69,12855.6
2014-10-12,11610.91,15116.460000000001,13838.0
2014-10-13,9393.24,11474.78,10852.09
2014-10-14,7221.5,9502.6,10377.86
2014-10-15,8496.86,10503.630000000001,10591.44
2014-10-16,7551.0,8896.58,9338.91
2014-10-17,8000.16,10090.25,9782.630000000001
2014-10-18,10537.77,12342.9,12757.86
2014-10-19,11304.26,14240.19,11885.630000000001
2014-10-20,8120.29,10569.09,10261.84
2014-10-21,7539.1,8844.14,8616.11
2014-10-22,6834.84,8808.17,8941.74
2014-10-23,7359.14,8846.08,8337.85
2014-10-24,7287.93,10005.48,9248.16
2014-10-25,9683.19,11454.14,10720.58
2014-10-26,10891.33,13963.91,12036.55
2014-10-27,7591.61,9216.44,9481.73
2014-10-28,6576.93,9110.81,8648.27
2014-10-29,6754.65,9082.380000000001,7415.69
2014-10-30,7656.67,9066.49,9057.16
2014-10-31,8734.92,9947.15,9300.5
2014-11-01,10895.23,12392.86,12949.68
2014-11-02,11231.45,12911.35,12202.7
2014-11-03,8545.55,10826.18,12011.66
2014-11-04,7358.35,9142.35,9298.68
2014-11-05,6972.35,8505.43,8358.41
2014-11-06,8128.32,10019.16,9724.09
2014-11-07,9596.94,10765.14,10145.62
2014-11-08,10181.52,11869.54,12180.26
2014-11-09,12273.4,14610.54,12768.26
2014-11-10,8436.06,10417.44,10226.16
2014-11-11,7854.45,9073.93,9323.79
2014-11-12,7701.99,8574.55,8499.75
2014-11-13,8027.18,10218.710000000001,8021.71
2014-11-14,8488.89,9831.06,9182.44
2014-11-15,11929.11,12123.64,12136.83
2014-11-16,11491.51,14125.85,12936.58
2014-11-17,7419.4800000000005,10061.54,10673.73
2014-11-18,7603.76,8816.210000000001,8938.28
2014-11-19,7444.68,8721.07,8696.73
2014-11-20,7665.82,8154.49,8692.3
2014-11-21,7373.92,9562.72,8892.52
2014-11-22,10815.49,12617.83,11578.710000000001
2014-11-23,11322.210000000001,11832.55,12423.68
2014-11-24,7938.29,9765.69,10504.13
2014-11-25,7961.99,8967.18,9555.06
2014-11-26,9819.95,11179.06,10580.460000000001
2014-11-27,7473.09,7930.82,6094.56
2014-11-28,7477.16,7605.57,7747.92
2014-11-29,8959.68,9463.6,9559.32
2014-11-30,9796.2,11305.2,10600.9
2014-12-01,8239.75,10328.56,10501.47
2014-12-02,7713.11,8577.65,9164.44
2014-12-03,8386.93,9679.03,9424.36
2014-12-04,7350.79,8716.79,6702.4
2014-12-05,9203.85,9284.23,10966.66
2014-12-06,11168.61,12573.34,12469.35
2014-12-07,12334.09,13193.53,12585.53
2014-12-08,7941.76,10357.43,9575.36
2014-12-09,7939.41,9256.42,9159.95
2014-12-10,7850.59,8235.27,8443.22
2014-12-11,8015.66,8947.49,8472.59
2014-12-12,8785.41,10235.83,9437.87
2014-12-13,10645.99,12502.82,11284.87
2014-12-14,12070.82,13545.25,12817.87
2014-12-15,9479.3,11550.67,12189.87
2014-12-16,8791.31,9503.82,9586.38
2014-12-17,8949.5,10176.06,9860.39
2014-12-18,9629.66,10239.9,10447.05
2014-12-19,7538.43,8562.52,9231.81
2014-12-20,10179.42,12453.92,11353.25
2014-12-21,10777.960000000001,11939.51,11293.79
2014-12-22,8337.85,10288.65,10623.47
2014-12-23,8838.35,10412.02,9898.53
2014-12-24,8649.27,10157.87,8804.67
2014-12-25,0.0,12.100000000000001,12.899999999999999
2014-12-26,9557.41,11865.3,11879.8
2014-12-27,8556.81,9870.42,9973.11
2014-12-28,8235.18,9173.33,8496.03
2014-12-29,8413.05,10288.75,9620.39
2014-12-30,8660.29,10822.12,10109.77
2014-12-31,9135.0,10737.02,10136.29
2015-01-01,7507.71,8356.42,8733.62
2015-01-02,8718.8,11587.44,11486.8
2015-01-03,10021.19,12535.29,11181.630000000001
2015-01-04,9920.07,11936.47,11408.16
2015-01-05,8989.14,10618.32,10873.62
2015-01-06,8122.43,9851.49,10936.31
2015-01-07,8210.3,9978.14,10180.5
2015-01-08,7047.38,8061.4,7536.22
2015-01-09,8626.12,10046.44,9543.87
2015-01-10,10208.630000000001,12591.83,11511.8
2015-01-11,12220.09,13392.64,11808.27
2015-01-12,9008.11,10855.47,10768.33
2015-01-13,7931.7,9381.0,8876.23
2015-01-14,8411.03,8490.67,8596.98
2015-01-15,9307.01,10513.65,9843.210000000001
2015-01-16,8649.56,9994.92,9765.5
2015-01-17,11712.47,13059.05,13153.26
2015-01-18,11436.36,13806.81,13570.03
2015-01-19,9463.92,11147.99,11079.65
2015-01-20,7444.09,8306.85,10274.14
2015-01-21,8283.2,8345.34,9381.28
2015-01-22,6498.4,6951.8,6684.03
2015-01-23,8145.31,10695.24,9206.86
2015-01-24,10528.55,13394.87,11432.02
2015-01-25,11095.87,13600.51,11468.91
2015-01-26,7733.6,9375.9,10093.39
2015-01-27,7218.52,8296.31,8373.34
2015-01-28,6789.89,7984.26,8071.4800000000005
2015-01-29,7587.81,9178.75,8763.960000000001
2015-01-30,8745.03,11244.91,11900.6
2015-01-31,11748.99,13803.74,12660.630000000001
2015-02-01,12807.18,14650.55,13872.38
2015-02-02,8126.47,10087.54,10219.45
2015-02-03,8993.41,9990.460000000001,11216.6
2015-02-04,8323.3,10990.45,10073.16
2015-02-05,7620.01,9804.01,10025.35
2015-02-06,9398.95,11710.66,10743.77
2015-02-07,12003.08,14618.960000000001,13794.880000000001
2015-02-08,12916.33,15710.78,14409.82
2015-02-09,9919.45,12167.82,12418.15
2015-02-10,9286.06,10339.86,11386.41
2015-02-11,9503.69,11268.65,12270.45
2015-02-12,10892.32,12045.69,12254.56
2015-02-13,10000.33,12491.94,11997.210000000001
2015-02-14,10588.86,13161.47,13366.4
2015-02-15,12807.03,15801.75,15959.36
2015-02-16,8447.52,11577.43,12071.15
2015-02-17,8434.99,9657.58,9842.05
2015-02-18,7473.33,9231.67,9075.95
2015-02-19,8416.76,10029.26,10479.960000000001
2015-02-20,8797.61,11372.56,11915.08
2015-02-21,11059.51,14772.7,14169.12
2015-02-22,12028.2,15268.54,14412.27
2015-02-23,8285.48,9970.97,11243.880000000001
2015-02-24,8127.4,9682.23,10048.6
2015-02-25,7915.43,9997.12,9838.4
2015-02-26,8602.37,9651.43,10425.5
2015-02-27,8849.09,10102.58,10134.88
2015-02-28,11546.14,13483.300000000001,13379.65
2015-03-01,13274.61,17071.670000000002,15604.98
2015-03-02,9193.4,11934.41,13185.67
2015-03-03,9018.52,11897.210000000001,13356.5
2015-03-04,9322.82,10004.0,11129.52
2015-03-05,8660.28,9738.78,11415.23
2015-03-06,9273.72,11148.28,11576.25
2015-03-07,12746.710000000001,14441.61,14334.16
2015-03-08,12489.89,14486.18,13829.37
2015-03-09,8963.36,11196.06,12750.8
2015-03-10,10185.94,11657.28,13775.18
2015-03-11,9269.460000000001,10755.69,11227.95
2015-03-12,9145.43,11641.55,11887.27
2015-03-13,10704.19,13443.73,11974.25
2015-03-14,11777.56,14343.01,13776.27
2015-03-15,14289.53,15731.18,14454.970000000001
2015-03-16,9869.49,12867.19,12981.61
2015-03-17,10078.3,11051.97,11037.34
2015-03-18,8831.42,10211.32,10785.66
2015-03-19,8634.06,10387.88,11261.01
2015-03-20,9485.17,11239.59,11754.16
2015-03-21,11068.54,12407.84,12248.14
2015-03-22,12974.99,14951.3,14187.44
2015-03-23,9181.81,11648.7,11590.1
2015-03-24,8795.58,457.55,11329.58
2015-03-25,8113.33,19427.47,10605.58
2015-03-26,8032.95,9164.75,10461.04
2015-03-27,8179.81,10498.0,10881.94
2015-03-28,10576.84,13483.25,13819.99
2015-03-29,11973.61,15995.28,13598.17
2015-03-30,9116.460000000001,10235.880000000001,11602.62
2015-03-31,8183.57,9833.58,10653.13
2015-04-01,10270.99,11233.09,12661.72
2015-04-02,8151.64,10355.2,10257.84
2015-04-03,11532.8,13744.76,14984.9
2015-04-04,12045.01,14890.49,14930.87
2015-04-05,14720.61,14774.64,12629.64
2015-04-06,10196.41,13112.99,13492.33
2015-04-07,9699.55,11439.45,12525.45
2015-04-08,8670.77,11038.73,11186.54
2015-04-09,9550.68,12131.460000000001,11954.64
2015-04-10,9366.95,11352.18,12252.5
2015-04-11,12028.460000000001,15289.35,14338.15
2015-04-12,13183.92,15683.460000000001,16586.99
2015-04-13,10304.81,12635.88,13819.44
2015-04-14,8891.06,9742.72,10793.380000000001
2015-04-15,9449.33,11182.93,12160.28
2015-04-16,8207.47,10064.52,10809.44
2015-04-17,7890.46,10268.38,11653.960000000001
2015-04-18,12205.65,15013.3,14763.79
2015-04-19,12421.81,15475.44,13951.36
2015-04-20,9495.2,11449.03,12585.1
2015-04-21,8515.65,10191.35,11096.1
2015-04-22,8586.460000000001,10277.95,10453.05
2015-04-23,8395.73,10767.47,9948.77
2015-04-24,8510.06,11231.55,11827.58
2015-04-25,11186.85,14294.89,13536.5
2015-04-26,12242.24,14464.91,14248.66
2015-04-27,8880.18,11167.28,12760.58
2015-04-28,8204.97,9473.44,10449.47
2015-04-29,8079.34,8862.78,10548.59
2015-04-30,7463.77,9989.26,10919.15
2015-05-01,9828.42,12239.53,15939.77
2015-05-02,12213.99,14585.15,15270.5
2015-05-03,13308.210000000001,15805.0,16703.07
2015-05-04,8834.67,11826.53,13181.43
2015-05-05,8924.9,10408.49,11741.35
2015-05-06,8973.55,9970.63,12908.44
2015-05-07,9278.75,11499.51,13894.77
2015-05-08,9148.2,11683.22,11582.72
2015-05-09,11865.04,13863.84,15809.39
2015-05-10,11503.83,12098.51,13187.18
2015-05-11,10101.29,12915.3,13959.48
2015-05-12,9037.05,10300.7,12477.11
2015-05-13,9907.68,11491.09,12154.33
2015-05-14,8292.59,10942.03,12760.22
2015-05-15,9970.76,11944.460000000001,12381.51
2015-05-16,13108.67,14897.5,15366.05
2015-05-17,13186.18,14504.380000000001,15198.16
2015-05-18,10284.18,11074.17,12574.08
2015-05-19,8723.59,9490.61,11339.09
2015-05-20,9013.87,10305.24,11579.5
2015-05-21,8162.54,9905.42,10035.32
2015-05-22,9420.56,11365.44,12484.39
2015-05-23,11657.19,14078.83,14171.59
2015-05-24,11831.35,13169.14,12923.300000000001
2015-05-25,10059.15,12563.59,12479.62
2015-05-26,9125.960000000001,10140.78,10369.98
2015-05-27,8599.05,10482.75,11372.19
2015-05-28,8848.55,9993.14,10862.28
2015-05-29,8236.06,10553.58,11046.36
2015-05-30,9294.15,11920.19,12015.57
2015-05-31,12551.12,14665.37,15096.93
2015-06-01,10334.11,12296.37,14899.81
2015-06-02,9090.17,10405.33,10928.07
2015-06-03,9420.96,11131.130000000001,13186.18
2015-06-04,8750.54,10605.23,10968.47
2015-06-05,10006.49,12272.05,12496.77
2015-06-06,12405.89,13938.18,14071.64
2015-06-07,13686.23,15294.33,15225.8
2015-06-08,9468.58,11815.95,12151.36
2015-06-09,9905.84,10905.380000000001,11525.17
2015-06-10,9242.52,10787.87,10737.89
2015-06-11,9160.64,11059.53,11637.14
2015-06-12,9368.3,12458.64,12103.42
2015-06-13,11924.61,13631.43,13867.34
2015-06-14,12532.2,14639.57,14491.86
2015-06-15,15516.24,20301.65,20388.03
2015-06-16,8588.42,6875.6,7684.92
2015-06-17,7388.59,7386.31,8953.16
2015-06-18,8044.62,10205.24,10139.14
2015-06-19,8767.89,10790.53,11238.69
2015-06-20,10925.460000000001,13211.08,12842.06
2015-06-21,11591.2,12132.75,12084.06
2015-06-22,9076.9,9980.69,10801.8
2015-06-23,8430.13,9639.64,9750.94
2015-06-24,8267.67,10185.15,9559.49
2015-06-25,8153.7,9268.12,9418.83
2015-06-26,8843.83,10578.41,10895.79
2015-06-27,10259.73,13131.53,12783.83
2015-06-28,10325.32,13092.07,13461.33
2015-06-29,8593.59,10209.93,10337.2
2015-06-30,7704.21,8270.58,9067.5
2015-07-01,9843.81,10871.81,11707.9
2015-07-02,9956.710000000001,12384.76,12919.51
2015-07-03,12670.01,15671.44,14893.82
2015-07-04,10236.9,11656.53,11447.710000000001
2015-07-05,10527.55,12682.12,13999.11
2015-07-06,10402.65,12291.66,12641.45
2015-07-07,9010.51,11397.02,12628.710000000001
2015-07-08,8827.08,10796.81,10436.12
2015-07-09,9131.25,10677.12,11844.7
2015-07-10,9231.07,12031.14,11873.33
2015-07-11,11531.960000000001,13848.98,13727.36
2015-07-12,13431.31,15987.37,15385.2
2015-07-13,10401.02,12998.880000000001,13421.5
2015-07-14,8976.72,10454.84,10976.14
2015-07-15,9906.68,11637.53,11211.92
2015-07-16,9587.41,11001.11,11879.210000000001
2015-07-17,9909.75,12464.68,12515.97
2015-07-18,12120.16,14695.210000000001,13258.57
2015-07-19,12348.15,14520.4,14346.01
2015-07-20,10243.79,11751.33,12401.16
2015-07-21,8377.710000000001,9461.78,11166.84
2015-07-22,8813.19,9553.85,9931.94
2015-07-23,8403.48,10641.57,11267.11
2015-07-24,9653.880000000001,11939.99,12062.61
2015-07-25,10966.960000000001,13667.26,12852.2
2015-07-26,12536.27,13657.15,13514.06
2015-07-27,9081.84,11198.61,10337.74
2015-07-28,8011.2300000000005,10220.2,10458.69
2015-07-29,7774.29,9842.04,9019.9
2015-07-30,8368.07,9945.630000000001,9202.210000000001
2015-07-31,9832.16,12422.2,12622.14
2015-08-01,12349.36,14926.94,14644.69
2015-08-02,12320.42,15125.72,14644.31
2015-08-03,11076.25,13214.460000000001,15395.800000000001
2015-08-04,9331.76,11044.36,11547.37
2015-08-05,9768.23,11072.72,11318.36
2015-08-06,9980.62,12185.17,11667.15
2015-08-07,10034.63,13075.79,12951.39
2015-08-08,12185.45,13977.11,14290.2
2015-08-09,13341.55,15892.53,15114.62
2015-08-10,9060.68,10968.84,12818.89
2015-08-11,8616.12,9876.82,10635.53
2015-08-12,10481.88,10675.22,11539.88
2015-08-13,9785.42,12022.79,11190.83
2015-08-14,9966.83,12730.68,11624.73
2015-08-15,12181.3,14799.4,14237.23
2015-08-16,13325.42,14910.92,14511.45
2015-08-17,9695.5,11766.19,11430.130000000001
2015-08-18,8585.95,10164.96,10911.3
2015-08-19,7725.76,9328.35,9642.77
2015-08-20,7324.24,9842.31,9288.84
2015-08-21,8960.04,11540.39,11615.67
2015-08-22,11063.18,14404.62,14124.19
2015-08-23,12639.15,15276.66,14777.29
2015-08-24,8631.82,12059.9,11030.06
2015-08-25,6731.36,9011.4,10989.63
2015-08-26,7499.1900000000005,10023.83,10738.19
2015-08-27,7579.51,9308.57,9708.6
2015-08-28,7677.14,9777.72,9888.15
2015-08-29,10154.44,12630.32,12490.69
2015-08-30,11692.460000000001,14856.6,14405.62
2015-08-31,7813.38,10222.960000000001,10699.73
2015-09-01,9254.16,10643.09,11533.710000000001
2015-09-02,8045.93,10485.84,9957.64
2015-09-03,8520.92,10326.960000000001,12405.54
2015-09-04,8560.89,10449.49,11010.24
2015-09-05,11505.4,13571.56,14174.36
2015-09-06,11051.98,12587.06,12258.86
2015-09-07,10800.48,14541.85,13288.87
2015-09-08,7567.21,10100.73,11163.19
2015-09-09,8471.09,9612.31,11130.08
2015-09-10,7929.17,9650.65,10570.11
2015-09-11,8819.98,10643.17,11805.92
2015-09-12,10938.36,15267.55,14099.05
2015-09-13,13369.29,16141.05,15300.97
2015-09-14,9668.76,11627.22,12007.68
2015-09-15,8950.3,10373.18,11915.55
2015-09-16,8222.38,9514.13,10915.09
2015-09-17,8348.08,10095.16,9988.96
2015-09-18,9341.54,11429.09,11355.45
2015-09-19,12240.23,14684.12,13649.55
2015-09-20,13255.14,15907.6,15555.14
2015-09-21,9170.44,10583.8,10760.05
2015-09-22,8395.7,9884.92,10818.86
2015-09-23,8386.58,11168.62,10753.53
2015-09-24,8044.77,9943.73,10821.4
2015-09-25,8656.09,11990.89,11203.27
2015-09-26,10836.48,14156.02,13331.3
2015-09-27,12611.630000000001,14229.62,14232.31
2015-09-28,7930.03,10914.83,10713.960000000001
2015-09-29,7837.0,10017.83,8907.84
2015-09-30,7557.74,9208.61,9213.11
2015-10-01,8700.85,12284.94,12740.8
2015-10-02,9657.32,12141.33,13070.93
2015-10-03,11566.09,15455.24,15537.99
2015-10-04,12338.11,15744.89,15460.880000000001
2015-10-05,9580.03,12322.550000000001,13934.4
2015-10-06,9498.64,11197.56,12638.82
2015-10-07,8915.5,10323.48,12294.02
2015-10-08,7375.04,10835.72,12727.03
2015-10-09,10107.95,12808.93,12470.26
2015-10-10,11623.14,13508.710000000001,14890.65
2015-10-11,13039.77,15871.94,16041.300000000001
2015-10-12,10649.630000000001,12234.22,13664.130000000001
2015-10-13,9618.91,10934.710000000001,11572.25
2015-10-14,7868.74,9894.57,7872.59
2015-10-15,8229.19,10776.84,13100.66
2015-10-16,9042.91,12239.300000000001,11567.34
2015-10-17,11578.26,14104.65,14656.43
2015-10-18,12429.06,15037.74,14984.18
2015-10-19,9024.64,11492.89,12046.53
2015-10-20,7863.27,10139.2,10987.67
2015-10-21,8177.6900000000005,10308.7,10826.97
2015-10-22,8523.460000000001,10229.4,10834.17
2015-10-23,9299.7,13179.8,13011.4
2015-10-24,10392.28,13893.65,13374.48
2015-10-25,10589.52,12214.16,13013.11
2015-10-26,8998.84,12105.35,12304.87
2015-10-27,7783.01,9670.22,9834.36
2015-10-28,7844.71,9617.31,10208.17
2015-10-29,7953.68,9757.21,11376.66
2015-10-30,9152.15,12742.7,11992.130000000001
2015-10-31,9930.65,10397.39,12103.49
2015-11-01,11856.82,15008.85,15456.94
2015-11-02,8812.93,11412.04,12468.34
2015-11-03,8332.22,11075.37,13227.61
2015-11-04,8289.2,10176.89,11812.69
2015-11-05,8019.12,11216.84,10285.79
2015-11-06,9802.59,11841.84,12783.6
2015-11-07,11386.95,15114.68,14802.39
2015-11-08,11794.55,15288.880000000001,14235.07
2015-11-09,8990.22,11085.79,12924.24
2015-11-10,7873.11,10868.52,10622.12
2015-11-11,8402.6,9941.01,10394.07
2015-11-12,7535.7300000000005,9594.960000000001,11437.56
2015-11-13,9064.14,10893.91,12394.81
2015-11-14,10917.37,13333.210000000001,13741.53
2015-11-15,12968.710000000001,16039.0,17135.420000000002
2015-11-16,9299.1,12557.66,12180.84
2015-11-17,7139.27,8281.01,9291.36
2015-11-18,8698.66,11079.7,11781.51
2015-11-19,8346.74,11255.14,10961.12
2015-11-20,8818.78,11106.82,11409.83
2015-11-21,11405.54,13898.25,13635.07
2015-11-22,11440.06,14242.93,13956.92
2015-11-23,9022.14,10586.85,11276.54
2015-11-24,8737.65,10961.47,10908.69
2015-11-25,9945.58,13043.050000000001,12787.04
2015-11-26,8201.2,8921.16,7605.74
2015-11-27,7555.52,9343.380000000001,8438.23
2015-11-28,8137.45,10888.26,11243.69
2015-11-29,10036.06,11504.98,11668.7
2015-11-30,7790.08,10008.6,11277.34
2015-12-01,9032.04,10753.59,12706.5
2015-12-02,7798.03,9129.12,10918.23
2015-12-03,9210.97,10699.42,12186.62
2015-12-04,9621.33,9819.25,11564.52
2015-12-05,11639.2,12619.07,13120.02
2015-12-06,12187.19,14957.91,14798.17
2015-12-07,9297.13,12108.56,12759.460000000001
2015-12-08,7295.39,9887.48,10306.960000000001
2015-12-09,8263.68,9976.19,10559.55
2015-12-10,8567.97,10218.61,10654.91
2015-12-11,9237.01,11545.49,10611.34
2015-12-12,11976.03,14304.53,13709.380000000001
2015-12-13,12688.380000000001,14471.99,14616.28
2015-12-14,9731.41,13572.64,13095.95
2015-12-15,9790.210000000001,12765.39,12626.1
2015-12-16,9738.51,11615.11,12298.19
2015-12-17,9384.99,11646.67,13183.05
2015-12-18,8554.45,11040.43,11150.87
2015-12-19,10798.17,13161.04,12275.41
2015-12-20,11482.97,14793.56,13547.49
2015-12-21,9633.85,12183.16,11049.74
2015-12-22,9192.45,11489.36,11679.66
2015-12-23,8912.9,12207.04,12440.35
2015-12-24,9600.26,12909.61,11499.960000000001
2015-12-25,1.58,0.0,11.18
2015-12-26,12053.62,13769.2,13823.210000000001
2015-12-27,9534.44,12123.82,10543.710000000001
2015-12-28,8818.16,11101.55,10858.77
2015-12-29,8220.3,10151.84,10719.37
2015-12-30,8068.85,10263.81,10575.14
2015-12-31,9748.14,13665.89,13404.19
2016-01-01,8644.85,10017.4,10157.23
2016-01-02,9738.33,12716.47,12804.17
2016-01-03,9914.11,14018.78,13371.550000000001
2016-01-04,8841.56,11826.67,12414.06
2016-01-05,8474.01,10763.68,11590.65
2016-01-06,7485.96,9375.62,9303.42
2016-01-07,8662.08,12090.13,13469.630000000001
2016-01-08,9007.69,11055.68,11591.4
2016-01-09,12167.44,15229.97,14537.630000000001
2016-01-10,11835.52,15344.93,14673.61
2016-01-11,9362.77,12163.97,12154.57
2016-01-12,9524.1,10166.34,12138.12
2016-01-13,8263.57,10577.28,11507.12
2016-01-14,8479.2,10217.94,11344.210000000001
2016-01-15,11043.89,12256.73,12671.33
2016-01-16,10845.32,15022.54,15116.54
2016-01-17,11915.62,16351.27,14518.53
2016-01-18,10079.99,12109.59,12985.15
2016-01-19,7932.55,10302.42,10510.06
2016-01-20,8401.94,10083.37,10721.13
2016-01-21,7400.17,10061.26,10741.81
2016-01-22,8956.07,11720.07,11557.95
2016-01-23,10805.3,13833.880000000001,13884.77
2016-01-24,11687.98,15516.6,14446.41
2016-01-25,8243.36,11363.07,11725.61
2016-01-26,7538.84,8664.08,10028.54
2016-01-27,7210.35,10847.67,10164.38
2016-01-28,7970.71,10434.48,10485.51
2016-01-29,8499.74,11393.43,11432.76
2016-01-30,10800.49,14053.75,13848.37
2016-01-31,12308.47,15507.29,15752.57
2016-02-01,9893.05,14047.25,14767.81
2016-02-02,8169.84,10296.56,11249.98
2016-02-03,9437.17,11866.04,14043.4
2016-02-04,8501.5,10325.39,11547.67
2016-02-05,8849.41,12687.39,12542.07
2016-02-06,12675.94,17274.77,15938.91
2016-02-07,12883.47,16800.65,17105.51
2016-02-08,8983.16,12494.14,12921.34
2016-02-09,9536.42,12274.87,13250.87
2016-02-10,9154.32,13997.47,13045.81
2016-02-11,10854.210000000001,15717.68,15185.59
2016-02-12,10827.64,13944.210000000001,14324.04
2016-02-13,13079.02,16934.93,16434.49
2016-02-14,12616.89,16501.76,15537.72
2016-02-15,11302.52,13878.3,15449.05
2016-02-16,9422.88,11421.93,12462.09
2016-02-17,8569.14,11572.09,12238.93
2016-02-18,8844.6,11993.43,12027.53
2016-02-19,9559.13,12853.59,12444.89
2016-02-20,12151.62,16484.44,14690.59
2016-02-21,13965.91,17664.13,16486.27
2016-02-22,9192.44,12479.91,12382.43
2016-02-23,8011.66,11712.03,11272.44
2016-02-24,9156.09,11793.93,11445.25
2016-02-25,8419.16,12074.65,10348.77
2016-02-26,9108.5,12493.45,10692.55
2016-02-27,10614.210000000001,14158.24,12643.47
2016-02-28,12889.29,16577.24,15620.800000000001
2016-02-29,9474.24,12476.16,11672.27
2016-03-01,9967.87,12530.210000000001,13376.23
2016-03-02,8935.23,11324.26,11923.64
2016-03-03,9666.0,12907.960000000001,14208.02
2016-03-04,8977.39,11323.91,12077.39
2016-03-05,11391.54,15346.130000000001,13904.35
2016-03-06,13834.78,17603.260000000002,16000.94
2016-03-07,9956.98,13841.43,14349.53
2016-03-08,8779.67,11242.56,11363.29
2016-03-09,8333.57,10306.85,10654.35
2016-03-10,9521.65,12041.77,12083.31
2016-03-11,9678.25,13462.53,12945.45
2016-03-12,12624.12,14687.6,15348.23
2016-03-13,13185.75,17182.62,13889.4
2016-03-14,10656.43,13771.43,13611.04
2016-03-15,10941.65,12960.18,13466.460000000001
2016-03-16,9783.22,11465.59,12718.630000000001
2016-03-17,9254.7,12474.19,11340.19
2016-03-18,9649.210000000001,12591.630000000001,12206.79
2016-03-19,11309.81,14375.78,12826.42
2016-03-20,13332.04,15377.14,15063.02
2016-03-21,8665.82,11625.58,12498.64
2016-03-22,8837.85,12247.2,11560.27
2016-03-23,8825.01,12184.22,12256.77
2016-03-24,7843.64,10326.2,11316.34
2016-03-25,10609.0,14021.98,12939.39
2016-03-26,12123.09,16603.55,14463.97
2016-03-27,14085.22,14831.99,12554.47
2016-03-28,9786.95,11916.07,12096.95
2016-03-29,7617.34,9278.0,9791.24
2016-03-30,8546.66,9962.75,10329.880000000001
2016-03-31,8611.16,11090.65,10974.81
2016-04-01,10291.35,13587.44,14768.42
2016-04-02,12121.2,15025.49,14676.47
2016-04-03,13667.65,17091.03,15783.380000000001
2016-04-04,9381.23,12076.300000000001,12546.22
2016-04-05,10494.06,11962.95,12219.94
2016-04-06,10301.9,10679.38,12934.83
2016-04-07,9728.78,11831.72,12719.300000000001
2016-04-08,9628.49,11822.75,12370.08
2016-04-09,12631.4,15661.51,15197.47
2016-04-10,13479.26,16190.25,16077.27
2016-04-11,10121.7,12959.89,13428.53
2016-04-12,9420.93,11321.01,13190.05
2016-04-13,9189.72,11260.65,12011.45
2016-04-14,8928.58,12365.32,12131.55
2016-04-15,9688.69,12156.81,12696.83
2016-04-16,11684.68,14777.02,14133.92
2016-04-17,13386.39,16408.22,15707.04
2016-04-18,10309.24,10750.05,10961.22
2016-04-19,10598.58,12201.44,13567.55
2016-04-20,8950.16,11278.960000000001,11092.53
2016-04-21,8260.0,11409.73,11535.43
2016-04-22,9499.880000000001,12494.57,11889.9
2016-04-23,11373.5,14575.460000000001,13093.630000000001
2016-04-24,13011.24,14696.53,13903.61
2016-04-25,9354.89,12968.33,12579.32
2016-04-26,8934.54,11595.4,11658.45
2016-04-27,8942.52,10495.51,11325.300000000001
2016-04-28,7901.84,11490.03,12127.210000000001
2016-04-29,11775.6,12775.54,14664.75
2016-04-30,12424.210000000001,15266.48,14068.86
2016-05-01,13884.16,16405.93,16612.23
2016-05-02,9503.97,12288.210000000001,13812.1
2016-05-03,10288.27,13094.97,15545.130000000001
2016-05-04,9370.0,11202.27,11748.55
2016-05-05,9945.57,11814.86,13552.3
2016-05-06,10470.880000000001,13586.64,14077.06
2016-05-07,13159.87,15389.28,16513.43
2016-05-08,10281.61,13660.0,14392.0
2016-05-09,11201.79,13729.48,15201.04
2016-05-10,10024.49,12265.75,13219.380000000001
2016-05-11,10892.27,12125.64,13602.97
2016-05-12,10570.04,12952.73,13086.26
2016-05-13,11544.880000000001,13981.54,13992.97
2016-05-14,11840.0,14289.23,13951.58
2016-05-15,16408.23,19045.34,18578.14
2016-05-16,11550.32,13438.51,15053.550000000001
2016-05-17,10574.3,12631.41,13405.76
2016-05-18,9851.97,11121.03,12078.07
2016-05-19,8403.09,10474.33,11196.76
2016-05-20,11296.880000000001,13832.01,14667.0
2016-05-21,13137.35,15212.81,15696.64
2016-05-22,14645.54,17631.81,17164.13
