date,WI_1,WI_2,WI_3
2011-01-29,6454.72,5451.46,9367.88
2011-01-30,5645.77,4636.86,9868.8
2011-01-31,3640.12,4621.58,7551.65
2011-02-01,2949.96,5754.75,7181.53
2011-02-02,2.96,2679.19,4646.31
2011-02-03,4584.89,5250.77,10036.37
2011-02-04,5925.37,5552.65,10054.75
2011-02-05,7852.61,6342.72,12804.71
2011-02-06,4030.75,4772.57,11085.5
2011-02-07,3788.93,4688.76,7818.83
2011-02-08,3578.48,4024.12,7837.78
2011-02-09,3823.02,4954.99,8145.82
2011-02-10,3789.9900000000002,4724.16,7831.38
2011-02-11,5706.64,5518.13,9722.92
2011-02-12,7081.01,6007.37,12871.03
2011-02-13,5930.25,6153.61,12728.77
2011-02-14,4233.86,3930.46,7709.62
2011-02-15,3735.15,5357.41,9149.56
2011-02-16,3898.83,4341.5,7680.4400000000005
2011-02-17,4260.88,4684.15,7749.04
2011-02-18,5325.99,5103.2,8844.98
2011-02-19,7269.88,5655.45,10751.52
2011-02-20,3804.05,4378.82,8106.27
2011-02-21,2529.23,3739.07,6380.12
2011-02-22,3084.69,3454.59,6354.15
2011-02-23,3705.03,4622.56,6859.33
2011-02-24,3935.63,4119.24,6401.62
2011-02-25,5156.45,4198.68,7682.28
2011-02-26,6327.69,5327.42,9004.97
2011-02-27,5236.99,4394.63,9306.85
2011-02-28,4040.03,4118.63,6846.32
2011-03-01,4122.21,4552.36,7764.53
2011-03-02,3553.84,4529.37,8592.28
2011-03-03,4091.21,5216.52,9236.21
2011-03-04,4476.08,4531.73,8196.77
2011-03-05,5435.49,5566.16,10951.26
2011-03-06,5413.84,5083.65,11402.09
2011-03-07,3848.77,4487.4,7805.78
2011-03-08,3697.88,4811.78,7701.52
2011-03-09,3093.65,3957.53,7251.02
2011-03-10,4085.65,4279.51,7564.97
2011-03-11,5165.46,4335.5,8880.25
2011-03-12,6145.43,5936.82,11151.39
2011-03-13,5158.6,4562.61,10062.48
2011-03-14,3658.69,4439.99,8779.12
2011-03-15,4079.82,4534.93,8487.35
2011-03-16,4293.6,4218.69,7069.26
2011-03-17,3571.52,3786.34,6532.84
2011-03-18,4956.81,4442.21,8151.34
2011-03-19,6262.01,5199.64,9529.96
2011-03-20,4253.95,4063.63,8661.44
2011-03-21,3861.83,3610.52,7156.84
2011-03-22,3445.75,3639.6,5535.05
2011-03-23,3166.7,3456.11,5788.15
2011-03-24,3863.7,3593.02,5942.7
2011-03-25,4728.1,3639.7,7118.77
2011-03-26,5972.6,4718.63,9206.88
2011-03-27,5196.35,4018.15,8530.81
2011-03-28,3746.12,3388.79,6353.22
2011-03-29,3409.59,3626.46,6442.52
2011-03-30,4109.23,3376.83,4610.63
2011-03-31,4039.56,4291.3,5577.76
2011-04-01,5369.83,5434.41,9078.85
2011-04-02,7039.85,6443.05,11501.27
2011-04-03,5164.08,4602.87,10507.35
2011-04-04,3489.37,4090.46,7671.4
2011-04-05,3812.32,4194.13,7698.46
2011-04-06,3692.94,3743.74,7572.25
2011-04-07,3338.81,3693.52,6113.77
2011-04-08,4430.93,4505.6,8378.5
2011-04-09,5705.49,5368.58,10942.35
2011-04-10,4553.75,3603.89,8783.62
2011-04-11,3748.28,3989.41,7896.72
2011-04-12,3894.85,4725.16,7800.4
2011-04-13,3729.82,3369.12,6499.56
2011-04-14,3954.31,4144.62,7335.15
2011-04-15,4335.33,4077.03,8749.55
2011-04-16,5846.21,5431.67,9666.07
2011-04-17,4901.94,3920.13,9309.1
2011-04-18,3411.63,3678.49,6828.58
2011-04-19,3033.48,3108.77,5257.55
2011-04-20,4010.18,3502.62,6291.3
2011-04-21,4169.91,3605.34,5949.18
2011-04-22,4940.1,4225.02,7523.76
2011-04-23,5358.51,4393.6,9503.73
2011-04-24,2687.26,2508.81,6690.13
2011-04-25,3580.7,3282.57,6242.08
2011-04-26,3331.33,3155.79,4902.36
2011-04-27,3568.81,3472.78,5201.14
2011-04-28,3865.0099999999998,3414.25,5867.06
2011-04-29,5223.14,4492.7300000000005,8281.1
2011-04-30,6020.43,5429.69,9085.65
2011-05-01,5024.46,4457.29,7933.37
2011-05-02,3694.16,3827.85,8096.32
2011-05-03,3812.93,4448.31,8372.16
2011-05-04,3680.41,3994.7400000000002,6628.04
2011-05-05,3771.42,3453.71,6964.2300000000005
2011-05-06,4183.18,3619.24,7967.74
2011-05-07,5864.83,4460.3,8983.39
2011-05-08,3562.83,3370.61,6784.6
2011-05-09,3477.06,3921.55,7883.15
2011-05-10,3695.94,3657.62,6407.05
2011-05-11,3957.31,3684.71,7242.73
2011-05-12,4023.53,4355.54,7506.47
2011-05-13,4986.06,3926.07,8209.54
2011-05-14,5600.77,4849.63,9649.68
2011-05-15,5231.75,4369.01,10931.17
2011-05-16,3485.71,3538.92,7464.17
2011-05-17,3704.97,3361.34,6339.2
2011-05-18,3803.5,3532.88,5667.86
2011-05-19,3464.29,3084.14,5843.9
2011-05-20,4304.26,3794.66,7005.69
2011-05-21,5487.36,4647.71,8071.66
2011-05-22,3916.72,3076.94,7138.42
2011-05-23,3723.27,3331.28,6271.73
2011-05-24,3757.4900000000002,3250.66,5791.11
2011-05-25,3442.81,2968.36,4797.09
2011-05-26,3967.1,3942.08,6033.41
2011-05-27,4291.92,3953.73,7276.08
2011-05-28,5101.5,4198.05,7536.72
2011-05-29,4082.12,3031.04,6948.43
2011-05-30,3400.09,3128.51,5967.02
2011-05-31,3902.73,4027.35,5987.18
2011-06-01,3971.55,4670.24,7009.76
2011-06-02,4087.16,4205.43,8102.59
2011-06-03,5132.88,5071.88,8584.34
2011-06-04,5433.16,5253.55,9541.84
2011-06-05,4594.89,5259.83,11221.15
2011-06-06,4248.57,4829.37,8888.2
2011-06-07,4053.8,5224.38,8328.63
2011-06-08,3608.01,4804.64,8410.2
2011-06-09,4108.88,4590.12,8481.17
2011-06-10,4556.49,4342.16,8001.04
2011-06-11,5915.05,5246.45,9707.5
2011-06-12,4596.24,4525.04,9523.9
2011-06-13,3807.56,3823.45,8093.37
2011-06-14,4176.34,4404.75,8150.0
2011-06-15,4224.44,4443.8,8749.43
2011-06-16,4245.78,3892.2400000000002,7230.18
2011-06-17,4552.83,4028.13,7973.53
2011-06-18,5474.49,4405.33,8058.79
2011-06-19,4521.79,3621.19,7676.96
2011-06-20,3992.64,3733.72,6584.0
2011-06-21,3548.28,3604.44,6291.25
2011-06-22,4384.11,3807.04,6160.94
2011-06-23,4266.56,3701.37,6425.25
2011-06-24,4656.02,4327.85,7296.46
2011-06-25,4926.72,4315.63,7283.65
2011-06-26,4450.36,3482.88,7277.37
2011-06-27,3757.7,3420.32,6250.96
2011-06-28,3832.38,3425.48,5512.1
2011-06-29,3554.59,3408.2,5368.3
2011-06-30,4237.84,3893.42,6421.87
2011-07-01,5610.95,5797.94,9450.6
2011-07-02,5688.69,4954.66,10433.82
2011-07-03,3953.28,3958.58,8943.56
2011-07-04,2626.42,2711.56,5943.57
2011-07-05,4072.09,3742.86,8242.09
2011-07-06,4319.86,4723.13,8825.9
2011-07-07,4112.75,4492.94,7736.21
2011-07-08,5230.7,4693.37,8769.44
2011-07-09,5955.33,5541.41,10321.86
2011-07-10,4889.25,4624.41,9233.02
2011-07-11,3718.7,4460.79,9468.07
2011-07-12,4123.12,4813.63,9302.5
2011-07-13,4026.9700000000003,4202.69,7154.21
2011-07-14,3816.54,4515.34,7865.92
2011-07-15,4845.1900000000005,5331.33,9910.19
2011-07-16,5641.28,5025.2,9657.05
2011-07-17,4824.52,4308.82,9211.67
2011-07-18,3933.27,4134.11,7839.62
2011-07-19,3742.27,4314.06,7415.77
2011-07-20,3833.84,3940.79,6450.9
2011-07-21,4132.22,3930.88,7043.68
2011-07-22,4737.52,4390.6,8482.4
2011-07-23,5686.95,4866.94,8583.69
2011-07-24,4372.99,3885.45,8283.19
2011-07-25,3649.88,3594.07,6517.52
2011-07-26,3730.4900000000002,3961.17,6143.05
2011-07-27,3768.14,3353.1,5231.38
2011-07-28,4184.55,3666.99,6282.16
2011-07-29,4508.17,4226.25,7730.57
2011-07-30,5285.86,4792.63,9069.82
2011-07-31,4627.88,4189.83,8180.05
2011-08-01,3977.52,4552.05,8028.21
2011-08-02,4112.2300000000005,4738.77,8799.08
2011-08-03,3999.12,5058.45,9822.52
2011-08-04,3727.4,4040.68,6680.52
2011-08-05,4167.95,4569.42,8110.99
2011-08-06,5046.36,4619.66,10359.4
2011-08-07,4601.74,3913.09,9719.32
2011-08-08,3340.62,4040.28,8859.73
2011-08-09,3959.97,4399.62,8783.15
2011-08-10,3854.32,4029.05,7124.58
2011-08-11,3895.25,4290.58,8293.94
2011-08-12,4206.97,4423.44,10216.13
2011-08-13,5492.83,4449.91,9516.83
2011-08-14,4551.37,4108.46,10377.07
2011-08-15,3962.6,4297.71,9082.33
2011-08-16,3731.97,3803.18,7505.11
2011-08-17,3982.62,3719.36,6702.95
2011-08-18,3574.51,3532.04,6266.15
2011-08-19,4574.59,3977.41,8309.78
2011-08-20,5071.41,4741.01,8359.27
2011-08-21,4301.64,4145.74,8285.9
2011-08-22,3394.64,3858.92,7224.88
2011-08-23,3765.21,3689.13,6322.67
2011-08-24,4114.34,3998.81,6057.11
2011-08-25,3972.11,3690.58,6194.3
2011-08-26,4264.12,4198.18,7470.21
2011-08-27,5273.04,4962.72,8235.03
2011-08-28,4131.33,4425.41,7437.2
2011-08-29,3712.35,3608.84,6121.67
2011-08-30,3924.12,3684.53,5313.76
2011-08-31,4902.71,4255.35,6591.22
2011-09-01,4445.68,4978.32,7456.26
2011-09-02,5248.64,5430.9800000000005,10465.23
2011-09-03,5532.97,4826.7300000000005,10866.87
2011-09-04,4050.71,4091.65,8152.54
2011-09-05,4033.7400000000002,4327.63,9202.88
2011-09-06,3926.64,4722.9800000000005,9021.03
2011-09-07,3655.48,3807.7599999999998,6959.8
2011-09-08,3423.83,4141.0199999999995,8228.73
2011-09-09,4390.95,4695.45,9559.19
2011-09-10,5867.34,5452.22,10102.18
2011-09-11,4999.79,5026.04,11383.69
2011-09-12,4212.05,4110.32,9131.96
2011-09-13,3625.42,3733.04,7159.93
2011-09-14,3652.61,4463.89,8567.37
2011-09-15,4654.95,4586.87,9822.63
2011-09-16,4895.01,4457.53,9165.19
2011-09-17,6490.09,5019.66,10170.7
2011-09-18,4131.82,4198.72,9728.710000000001
2011-09-19,3726.71,3374.03,6665.36
2011-09-20,3523.57,3751.19,6122.64
2011-09-21,4014.17,3704.08,6258.6
2011-09-22,4227.02,3606.82,6523.64
2011-09-23,4813.11,4068.35,7755.46
2011-09-24,5771.47,4207.27,9497.97
2011-09-25,4708.44,3649.97,9420.6
2011-09-26,3471.36,3293.03,6768.49
2011-09-27,3589.38,3565.73,5951.08
2011-09-28,3727.9,3982.03,5940.86
2011-09-29,3904.09,3848.92,6233.54
2011-09-30,5796.37,4901.81,9777.89
2011-10-01,6399.5,5955.04,11030.1
2011-10-02,4870.06,5427.55,11795.3
2011-10-03,4208.37,4682.24,11042.26
2011-10-04,3869.99,4125.16,6769.78
2011-10-05,3899.71,4089.0,8452.08
2011-10-06,3679.86,4100.6,9448.14
2011-10-07,4287.12,4112.09,8565.18
2011-10-08,6062.54,5200.6,11481.02
2011-10-09,5000.8,4688.4,13451.61
2011-10-10,3414.86,3828.56,8527.47
2011-10-11,4015.25,3991.7,8577.45
2011-10-12,3881.01,4361.66,9831.26
2011-10-13,4029.65,4007.07,7596.18
2011-10-14,5199.27,5243.54,10481.32
2011-10-15,6662.79,5615.04,13727.38
2011-10-16,4861.43,4782.83,11142.48
2011-10-17,4061.4900000000002,4020.36,8015.46
2011-10-18,3975.19,3702.23,7137.4
2011-10-19,3840.38,3167.41,6187.49
2011-10-20,4069.36,3100.4,6383.77
2011-10-21,4695.93,3899.95,8132.48
2011-10-22,5685.88,4509.54,9596.29
2011-10-23,4850.5,3895.12,8895.01
2011-10-24,3559.0299999999997,3174.62,6959.59
2011-10-25,3553.42,3307.78,6501.55
2011-10-26,4251.36,3519.25,6067.28
2011-10-27,4179.72,3801.38,6398.56
2011-10-28,5287.99,4698.2,8553.67
2011-10-29,6257.24,4503.23,9546.25
2011-10-30,4445.95,3745.38,8094.55
2011-10-31,3709.15,3755.37,6673.19
2011-11-01,4370.05,4955.33,8184.51
2011-11-02,3418.97,4299.13,8394.36
2011-11-03,4041.32,5302.11,9960.62
2011-11-04,4841.19,4603.62,9017.41
2011-11-05,6291.18,5645.69,12103.33
2011-11-06,4776.43,4771.57,13202.16
2011-11-07,3517.17,3250.75,7512.13
2011-11-08,3720.48,3727.78,8166.1
2011-11-09,3527.43,3643.68,8873.05
2011-11-10,3967.4,4168.54,8254.99
2011-11-11,4772.3,3990.09,9711.8
2011-11-12,5892.57,5647.65,12398.96
2011-11-13,4929.89,4440.78,11537.81
2011-11-14,3584.01,4074.85,8916.46
2011-11-15,3775.42,4679.02,9598.13
2011-11-16,4279.57,3722.56,7270.4
2011-11-17,2989.12,3538.82,7158.58
2011-11-18,4849.33,4059.45,8095.15
2011-11-19,5715.99,4753.19,9591.1
2011-11-20,4422.68,3813.05,9921.38
2011-11-21,3635.81,3149.56,6563.67
2011-11-22,4043.78,3335.51,7093.43
2011-11-23,4114.63,4060.6,8269.21
2011-11-24,1506.32,1644.34,5683.99
2011-11-25,4633.5,4108.2,6581.68
2011-11-26,5638.8,3779.5,7015.32
2011-11-27,4495.24,3830.75,7450.98
2011-11-28,3738.42,3768.4700000000003,6179.93
2011-11-29,3747.69,3350.58,6320.49
2011-11-30,3728.61,3463.94,5862.87
2011-12-01,4272.92,5131.58,7488.2
2011-12-02,5028.09,5158.69,10579.76
2011-12-03,6071.25,5800.15,12731.93
2011-12-04,5348.93,4609.58,10679.2
2011-12-05,4649.89,4531.38,9634.06
2011-12-06,3926.75,4139.3,8960.63
2011-12-07,3818.92,3418.53,7066.09
2011-12-08,4091.48,4627.92,9488.29
2011-12-09,4551.34,4279.98,10499.15
2011-12-10,6184.74,4877.64,11564.67
2011-12-11,4778.25,4711.85,12267.35
2011-12-12,4074.61,4016.77,10248.56
2011-12-13,3900.75,4086.4,7746.21
2011-12-14,3634.2,4224.55,9233.75
2011-12-15,4246.47,5344.04,9979.9
2011-12-16,5003.24,4426.11,9913.69
2011-12-17,6163.41,5037.15,10400.07
2011-12-18,5005.02,3883.31,9940.46
2011-12-19,4478.16,3835.37,7746.44
2011-12-20,4816.39,4232.02,7637.81
2011-12-21,4371.92,4054.53,7125.93
2011-12-22,5064.91,4353.02,7819.21
2011-12-23,6026.68,5289.6,10650.31
2011-12-24,4127.52,4491.58,9393.89
2011-12-25,0.0,9.440000000000001,0.0
2011-12-26,4444.2300000000005,3688.22,8861.1
2011-12-27,3855.78,3393.03,7065.4800000000005
2011-12-28,4288.15,3415.37,6777.2699999999995
2011-12-29,4307.05,3963.89,6700.01
2011-12-30,5106.15,6129.83,10337.03
2011-12-31,5597.02,5384.97,10926.98
2012-01-01,2842.41,2719.02,5261.34
2012-01-02,4725.44,5133.05,11900.42
2012-01-03,4232.04,4752.14,10406.84
2012-01-04,4147.33,4277.8,8184.92
2012-01-05,4239.87,4727.4,9521.05
2012-01-06,4938.35,5223.82,10673.54
2012-01-07,6210.99,5136.7,11267.57
2012-01-08,4591.99,4148.04,12377.99
2012-01-09,3757.8,4472.66,10631.0
2012-01-10,3632.18,3778.1,8018.79
2012-01-11,4847.72,5048.82,11573.53
2012-01-12,2622.62,4511.91,8304.83
2012-01-13,4070.66,4342.13,9270.39
2012-01-14,6350.67,5839.15,14222.380000000001
2012-01-15,4591.84,4852.76,13208.29
2012-01-16,4333.4800000000005,4830.0,10230.29
2012-01-17,2388.28,3131.34,5857.72
2012-01-18,4318.96,4326.29,8434.49
2012-01-19,4297.63,4362.66,7663.38
2012-01-20,3768.42,5048.41,7864.28
2012-01-21,7248.4800000000005,5430.06,12168.29
2012-01-22,5309.06,4857.85,10015.59
2012-01-23,3712.33,3795.51,7171.23
2012-01-24,4208.66,3925.01,6744.25
2012-01-25,3958.44,3870.96,6396.56
2012-01-26,4242.51,4157.18,6871.52
2012-01-27,4850.68,4673.04,8361.98
2012-01-28,6318.48,6141.59,10559.9
2012-01-29,4704.96,4298.46,9385.3
2012-01-30,4159.35,4181.2,6630.7
2012-01-31,3878.36,4248.83,7434.4
2012-02-01,4682.61,5617.02,9138.79
2012-02-02,3970.23,5947.79,10808.02
2012-02-03,5714.54,6523.7,13491.68
2012-02-04,7429.8,6889.78,14113.32
2012-02-05,5391.68,6255.53,14176.88
2012-02-06,3996.28,5594.81,10967.710000000001
2012-02-07,4071.38,4378.51,8579.87
2012-02-08,4291.65,5122.6,10367.12
2012-02-09,4358.09,6153.66,11271.87
2012-02-10,3922.83,5259.97,9075.19
2012-02-11,6766.64,6473.0,14460.65
2012-02-12,6338.94,6801.57,15620.91
2012-02-13,4376.91,5091.54,10465.16
2012-02-14,3984.15,4444.21,8628.76
2012-02-15,4653.78,5053.63,10936.85
2012-02-16,4754.43,4528.59,9000.3
2012-02-17,5182.43,5172.68,9730.5
2012-02-18,6790.26,5557.58,12270.72
2012-02-19,6101.59,4861.01,11682.02
2012-02-20,4037.42,4051.12,8209.29
2012-02-21,4054.2,3753.83,7601.35
2012-02-22,4625.46,4258.74,7513.45
2012-02-23,4512.75,4279.76,7151.26
2012-02-24,4587.21,4398.3,7314.27
2012-02-25,7801.67,5627.17,11105.87
2012-02-26,6237.72,4768.89,10513.130000000001
2012-02-27,4205.13,3946.86,7937.68
2012-02-28,4121.88,4048.31,7407.45
2012-02-29,4494.94,4352.35,6760.04
2012-03-01,4997.49,5512.55,9327.52
2012-03-02,4421.51,6262.37,10957.65
2012-03-03,7349.61,6570.62,15068.14
2012-03-04,6382.06,5410.52,12994.6
2012-03-05,4599.69,5468.65,11291.630000000001
2012-03-06,4718.38,5338.09,11770.16
2012-03-07,4410.1,3951.09,8702.77
2012-03-08,4795.39,4881.53,10593.72
2012-03-09,5528.34,4737.85,12559.42
2012-03-10,6540.27,5275.27,12454.56
2012-03-11,5723.81,4738.69,13393.79
2012-03-12,4249.97,4154.58,10905.61
2012-03-13,4354.02,4048.28,8440.08
2012-03-14,3905.84,4166.71,9504.59
2012-03-15,4822.83,4946.4400000000005,10970.56
2012-03-16,5504.2,4056.12,10691.04
2012-03-17,6943.24,4966.45,11949.81
2012-03-18,5851.07,4895.86,10815.4
2012-03-19,4510.75,4320.06,8708.68
2012-03-20,4018.76,3424.06,8302.57
2012-03-21,4904.28,3814.34,7930.99
2012-03-22,4720.92,3615.79,7325.76
2012-03-23,4802.01,3756.87,8679.0
2012-03-24,6951.38,4918.45,11522.73
2012-03-25,5978.96,4762.64,10730.460000000001
2012-03-26,3559.36,3888.05,8102.33
2012-03-27,4161.51,3937.6,7037.95
2012-03-28,4453.53,3616.98,7120.61
2012-03-29,4309.47,3888.93,6647.62
2012-03-30,5298.8,4991.38,9337.45
2012-03-31,7166.81,6454.08,12203.29
2012-04-01,5785.94,4740.79,10551.24
2012-04-02,4441.26,4948.17,11243.72
2012-04-03,4667.81,5488.93,10891.3
2012-04-04,4329.76,4300.52,8427.06
2012-04-05,4664.42,4481.08,10557.210000000001
2012-04-06,5894.96,5409.07,11936.03
2012-04-07,7265.39,5137.5,12089.61
2012-04-08,3845.96,3667.6,10030.08
2012-04-09,4496.07,4710.02,10706.8
2012-04-10,4512.84,4295.57,8747.97
2012-04-11,4262.7300000000005,4659.14,10212.6
2012-04-12,4470.65,4648.3,10810.4
2012-04-13,5587.31,4503.45,10499.61
2012-04-14,6068.83,5586.39,13162.51
2012-04-15,5773.08,4898.56,13010.1
2012-04-16,4283.58,4385.54,9425.53
2012-04-17,4273.92,3734.16,8630.35
2012-04-18,3851.0,3704.51,7227.59
2012-04-19,3577.89,3188.62,6502.35
2012-04-20,5060.08,4252.8,7985.5
2012-04-21,6535.4400000000005,4280.78,11299.7
2012-04-22,5786.7,4114.36,10002.44
2012-04-23,4628.12,2989.35,7511.3
2012-04-24,4048.4700000000003,3041.68,7211.89
2012-04-25,4021.66,3087.84,7062.22
2012-04-26,4411.74,3239.57,7058.53
2012-04-27,5479.75,3900.19,9110.14
2012-04-28,7181.78,4936.25,10685.08
2012-04-29,6011.71,3913.25,10591.880000000001
2012-04-30,4596.65,3607.3,7705.09
2012-05-01,4815.79,4737.78,9591.83
2012-05-02,4617.21,4324.52,11472.9
2012-05-03,4963.57,5712.17,11642.97
2012-05-04,5472.54,4959.29,11146.51
2012-05-05,6367.29,6525.71,13985.02
2012-05-06,5396.85,5927.71,13911.710000000001
2012-05-07,4189.22,4224.25,9857.24
2012-05-08,4267.45,4898.88,10597.12
2012-05-09,4156.35,5406.79,10753.7
2012-05-10,4440.56,4769.81,8719.5
2012-05-11,5136.62,5677.67,11701.7
2012-05-12,6673.26,6254.4400000000005,14513.05
2012-05-13,4837.5,3925.61,10091.13
2012-05-14,4270.79,5305.36,11943.04
2012-05-15,4368.34,6150.5,11467.8
2012-05-16,4991.88,5432.45,9469.72
2012-05-17,4599.37,4392.24,8800.74
2012-05-18,5028.26,5193.02,9826.960000000001
2012-05-19,6656.32,5561.14,11266.77
2012-05-20,5775.43,5368.74,11283.37
2012-05-21,4844.26,4840.28,8401.97
2012-05-22,4667.77,4541.24,7724.25
2012-05-23,4714.47,5043.22,7515.7300000000005
2012-05-24,4773.45,4660.86,7892.41
2012-05-25,5978.29,6867.02,9639.68
2012-05-26,6664.6900000000005,6904.23,10861.73
2012-05-27,5047.04,5429.99,8910.26
2012-05-28,4472.41,4903.97,8299.85
2012-05-29,4457.78,4936.36,7558.07
2012-05-30,4415.91,5590.7300000000005,7035.62
2012-05-31,4832.97,6674.27,6953.61
2012-06-01,6384.57,9242.31,11744.82
2012-06-02,6280.29,10983.48,14021.32
2012-06-03,5870.53,9486.79,14101.77
2012-06-04,4705.34,6958.37,9888.09
2012-06-05,4395.88,8771.51,9997.26
2012-06-06,4539.88,9288.84,10429.45
2012-06-07,4740.59,7052.36,8816.08
2012-06-08,5959.51,9508.74,12599.85
2012-06-09,6467.99,11358.37,14175.04
2012-06-10,5642.9400000000005,8846.78,12282.42
2012-06-11,4837.44,9853.43,11442.22
2012-06-12,5079.96,9871.41,10713.17
2012-06-13,4885.53,7252.83,9084.75
2012-06-14,4795.62,8187.74,11805.460000000001
2012-06-15,6551.7,9849.47,13345.61
2012-06-16,7464.43,9029.77,12041.94
2012-06-17,5254.51,6647.34,10473.66
2012-06-18,4789.43,6744.09,9314.82
2012-06-19,5279.11,6531.49,9761.99
2012-06-20,5188.92,6580.45,8642.73
2012-06-21,5117.99,6501.56,8760.43
2012-06-22,5675.58,7219.05,10108.6
2012-06-23,5998.29,7923.87,11063.55
2012-06-24,5492.14,7653.2,11301.64
2012-06-25,4502.02,6476.52,8863.58
2012-06-26,4659.33,6633.18,7954.1
2012-06-27,4688.76,5990.55,7353.16
2012-06-28,4837.28,6809.84,7610.85
2012-06-29,6092.22,9220.49,11707.35
2012-06-30,6726.18,9194.39,12100.88
2012-07-01,5594.44,8272.3,11168.5
2012-07-02,5160.99,10012.83,12445.23
2012-07-03,5768.8,11740.49,13648.93
2012-07-04,4471.87,7301.900000000001,9611.3
2012-07-05,5372.05,10236.89,11870.62
2012-07-06,5697.46,11026.74,13987.630000000001
2012-07-07,6099.41,9786.98,12193.08
2012-07-08,5840.14,10945.81,13033.02
2012-07-09,4598.59,10457.29,11832.93
2012-07-10,4968.84,7298.59,9886.92
2012-07-11,4537.42,10021.79,10560.68
2012-07-12,4487.18,10021.63,11427.79
2012-07-13,5420.51,8668.5,10943.32
2012-07-14,6615.91,11644.13,12924.62
2012-07-15,5163.26,12233.74,14073.300000000001
2012-07-16,4360.09,8695.38,10373.630000000001
2012-07-17,4530.14,7752.81,9413.97
2012-07-18,4708.1,6588.99,8324.85
2012-07-19,4657.79,7124.49,8006.95
2012-07-20,5687.85,7772.12,10004.64
2012-07-21,6513.9,8388.26,11096.05
2012-07-22,5405.7,7425.86,10243.99
2012-07-23,3796.75,7052.06,8746.77
2012-07-24,4923.11,6802.52,8295.58
2012-07-25,4347.75,6562.28,7533.86
2012-07-26,4572.82,6235.6900000000005,7976.91
2012-07-27,5420.29,7751.52,8526.26
2012-07-28,5766.11,7077.66,9446.35
2012-07-29,4913.39,6888.53,10062.61
2012-07-30,4621.55,6063.84,8273.66
2012-07-31,4878.35,6534.45,7749.79
2012-08-01,4950.64,9863.42,9893.47
2012-08-02,4790.92,10633.51,10931.74
2012-08-03,5381.93,12039.57,12622.52
2012-08-04,5612.94,10193.42,10990.9
2012-08-05,5107.35,11209.29,12786.72
2012-08-06,4185.6,10622.75,10680.08
2012-08-07,4159.44,8023.37,8351.48
2012-08-08,4003.5,9791.630000000001,10195.03
2012-08-09,4471.64,10163.04,10845.99
2012-08-10,5458.72,9680.47,10402.32
2012-08-11,5433.1,10592.75,11782.69
2012-08-12,4898.05,12102.53,12748.73
2012-08-13,4331.37,8205.56,9985.88
2012-08-14,4806.06,10731.41,9167.99
2012-08-15,4662.41,10657.78,11090.04
2012-08-16,5158.25,9068.05,9659.51
2012-08-17,5769.42,8470.53,9750.7
2012-08-18,6098.91,8835.55,11380.25
2012-08-19,5608.73,8707.02,10429.86
2012-08-20,4038.95,7317.46,8700.82
2012-08-21,4585.3,7218.72,7825.2
2012-08-22,4450.61,7102.74,7418.9800000000005
2012-08-23,4713.08,7046.75,7707.74
2012-08-24,5383.26,7468.59,9234.56
2012-08-25,5897.12,9144.14,10227.64
2012-08-26,6362.87,8796.38,9975.77
2012-08-27,4581.88,7327.45,8024.45
2012-08-28,5059.42,7189.85,7830.19
2012-08-29,4092.2400000000002,7577.94,7198.81
2012-08-30,4710.13,7845.08,7276.53
2012-08-31,6309.95,12407.51,11997.29
2012-09-01,6957.57,11667.53,11681.99
2012-09-02,5651.06,12462.72,13257.7
2012-09-03,5984.71,12799.07,12426.99
2012-09-04,4333.26,7677.93,10159.79
2012-09-05,4170.87,10244.02,10321.63
2012-09-06,4088.85,10529.07,9639.49
2012-09-07,4613.98,9007.32,9331.47
2012-09-08,6116.35,13238.92,14055.91
2012-09-09,5286.88,13598.07,13677.710000000001
2012-09-10,4005.27,7725.29,9331.91
2012-09-11,4495.41,10246.37,9160.03
2012-09-12,4180.14,11136.24,10406.1
2012-09-13,4792.46,8692.88,8697.59
2012-09-14,5669.85,11772.34,11998.880000000001
2012-09-15,7291.43,13044.16,14364.94
2012-09-16,5734.81,11615.3,12960.6
2012-09-17,4376.57,8770.87,8986.45
2012-09-18,4549.61,7775.400000000001,8904.65
2012-09-19,4218.74,7638.37,7534.85
2012-09-20,4337.14,7928.6,7936.29
2012-09-21,5308.5,8864.63,9894.45
2012-09-22,6877.25,9454.23,11380.36
2012-09-23,6061.21,8992.68,11054.73
2012-09-24,4406.11,6354.65,7508.65
2012-09-25,3955.71,6529.85,7589.38
2012-09-26,3866.07,6723.76,7536.22
2012-09-27,4414.37,6755.33,7612.28
2012-09-28,5130.44,8604.2,9625.77
2012-09-29,6086.1,10444.78,12463.59
2012-09-30,5091.9400000000005,8972.55,11252.74
2012-10-01,4026.2400000000002,9090.81,9333.1
2012-10-02,4137.8,9826.22,11026.97
2012-10-03,4058.2,11961.59,10750.23
2012-10-04,4287.27,8419.97,9223.04
2012-10-05,4395.91,10476.01,10502.59
2012-10-06,5548.42,13356.74,14294.5
2012-10-07,4878.85,9761.14,11789.48
2012-10-08,3980.76,9608.79,9946.78
2012-10-09,3628.89,10350.78,9918.09
2012-10-10,3620.65,8793.07,8833.12
2012-10-11,4170.68,9835.5,9645.93
2012-10-12,4843.04,10403.24,12003.97
2012-10-13,5404.49,11660.51,12393.65
2012-10-14,4147.8,11866.49,13742.86
2012-10-15,3167.51,11887.710000000001,10410.03
2012-10-16,3314.4700000000003,8569.29,8942.25
2012-10-17,2822.15,7513.61,7156.14
2012-10-18,2529.39,6891.26,7456.4800000000005
2012-10-19,3242.53,8399.28,9120.17
2012-10-20,3551.08,9528.29,10573.9
2012-10-21,2294.91,7503.27,10250.79
2012-10-22,1653.3600000000001,5647.67,7174.91
2012-10-23,1718.64,6361.01,7382.93
2012-10-24,1725.07,5958.22,6675.7
2012-10-25,828.67,6503.06,7392.39
2012-10-26,11617.94,8649.75,9028.05
2012-10-27,12641.130000000001,9881.07,10774.45
2012-10-28,9919.69,7495.88,9228.09
2012-10-29,7219.1900000000005,6491.74,6633.67
2012-10-30,6647.06,6944.17,6691.24
2012-10-31,6885.41,6647.33,6638.2
2012-11-01,8189.4,9095.84,8513.53
2012-11-02,9993.1,10377.1,12276.01
2012-11-03,12688.01,13568.59,13805.92
2012-11-04,10328.98,10155.04,11962.52
2012-11-05,6510.72,11010.09,9592.26
2012-11-06,6395.07,10600.29,8756.88
2012-11-07,6527.49,7847.85,7849.37
2012-11-08,7658.31,10316.42,9754.48
2012-11-09,9064.45,10970.0,11181.84
2012-11-10,11597.210000000001,11015.4,12635.69
2012-11-11,10968.24,12059.630000000001,13188.23
2012-11-12,7416.0,10246.26,10171.01
2012-11-13,6238.13,8348.5,8476.91
2012-11-14,6996.65,9627.85,9366.54
2012-11-15,7758.62,10171.210000000001,9192.67
2012-11-16,8076.99,9568.39,9947.11
2012-11-17,11649.38,10765.17,11256.02
2012-11-18,9130.69,8648.23,10290.6
2012-11-19,6382.25,7459.54,7243.45
2012-11-20,6954.05,7220.15,8140.25
2012-11-21,8106.4,8857.38,8289.52
2012-11-22,3463.4,3722.57,7063.24
2012-11-23,5917.85,5714.64,6706.82
2012-11-24,9112.45,7160.55,9031.88
2012-11-25,9604.59,7640.34,9003.710000000001
2012-11-26,6444.17,6886.3,6858.35
2012-11-27,6101.04,6325.32,6695.68
2012-11-28,5940.56,6365.61,6918.25
2012-11-29,5964.18,6448.82,6517.76
2012-11-30,7801.61,10133.210000000001,9604.03
2012-12-01,11128.37,10510.06,11051.41
2012-12-02,10194.97,11818.97,13310.08
2012-12-03,7648.52,10759.13,10785.37
2012-12-04,7447.2300000000005,8483.99,8475.75
2012-12-05,8034.66,9804.44,9636.28
2012-12-06,7268.3,10170.37,9600.25
2012-12-07,8814.92,8959.79,9210.29
2012-12-08,10957.64,11836.42,12480.28
2012-12-09,9984.85,12247.09,12640.99
2012-12-10,6920.6900000000005,8135.56,8761.83
2012-12-11,6594.05,10059.630000000001,9905.36
2012-12-12,6872.07,10491.07,9650.93
2012-12-13,6325.7,8130.53,8259.15
2012-12-14,9221.960000000001,11397.84,10009.78
2012-12-15,11674.4,11866.24,13012.97
2012-12-16,10111.24,9594.38,11402.17
2012-12-17,7252.37,8487.81,8406.47
2012-12-18,7104.9800000000005,7618.36,7799.07
2012-12-19,9093.73,9902.83,9695.2
2012-12-20,6218.16,8506.75,8605.59
2012-12-21,9604.57,8048.3,8981.84
2012-12-22,12425.83,10124.41,10844.02
2012-12-23,10315.64,9128.47,10339.05
2012-12-24,6530.51,8215.84,7851.4
2012-12-25,0.0,5.9399999999999995,0.0
2012-12-26,7033.15,6604.58,7850.46
2012-12-27,7650.74,7233.76,8085.71
2012-12-28,8227.01,8999.09,9377.78
2012-12-29,10038.59,9811.630000000001,9945.15
2012-12-30,8153.3,8211.91,9985.13
2012-12-31,8794.57,9970.01,9861.4
2013-01-01,5265.68,5403.87,5454.36
2013-01-02,7509.07,10708.8,9763.94
2013-01-03,7240.47,12347.1,12013.4
2013-01-04,8339.66,9538.6,9571.34
2013-01-05,11830.63,13110.36,13689.12
2013-01-06,9924.960000000001,12311.34,13489.02
2013-01-07,7144.18,9184.66,7923.1
2013-01-08,6474.0,9974.75,10068.15
2013-01-09,6966.2300000000005,11338.77,10130.28
2013-01-10,6584.87,8556.86,7923.11
2013-01-11,8819.84,11569.43,10779.43
2013-01-12,11405.08,13886.78,14538.29
2013-01-13,8810.41,9506.98,10412.9
2013-01-14,6743.52,10743.44,9875.7
2013-01-15,7730.85,12049.81,10252.3
2013-01-16,6247.63,9113.83,8982.81
2013-01-17,7761.6,9052.35,7629.72
2013-01-18,8954.24,9470.29,10311.26
2013-01-19,12132.7,11982.59,12977.29
2013-01-20,10043.73,9076.380000000001,10072.98
2013-01-21,6339.25,8207.460000000001,7331.24
2013-01-22,4931.33,6803.54,6934.49
2013-01-23,6295.37,7206.74,7012.72
2013-01-24,6152.16,6422.33,7544.96
2013-01-25,7192.53,7765.82,8221.04
2013-01-26,11363.42,10218.56,11208.67
2013-01-27,7974.9,8499.7,10020.07
2013-01-28,5851.62,7552.35,6974.89
2013-01-29,4939.81,7027.06,6775.72
2013-01-30,4310.43,6490.27,5618.71
2013-01-31,5835.51,7558.68,6940.82
2013-02-01,8436.52,12969.59,12081.380000000001
2013-02-02,12737.77,14718.94,15037.04
2013-02-03,9999.92,13145.59,14002.25
2013-02-04,4924.37,7947.61,8668.6
2013-02-05,6371.93,11181.28,11468.9
2013-02-06,7596.82,11648.35,11971.460000000001
2013-02-07,4627.78,8241.08,6890.37
2013-02-08,7673.87,12188.63,10765.03
2013-02-09,11852.88,15957.25,15701.52
2013-02-10,10444.23,13203.710000000001,13048.23
2013-02-11,6454.84,12723.95,10857.04
2013-02-12,6765.54,13546.22,12139.32
2013-02-13,7534.35,11951.17,11779.14
2013-02-14,6373.75,10633.69,9088.17
2013-02-15,8281.66,14196.43,12498.06
2013-02-16,11584.42,13693.09,13654.56
2013-02-17,11197.66,12085.93,12623.2
2013-02-18,6128.9,9181.94,8640.07
2013-02-19,5251.05,7533.04,7310.76
2013-02-20,6343.54,9170.14,8341.09
2013-02-21,6983.83,10354.32,9080.12
2013-02-22,5656.9,9184.61,7823.72
2013-02-23,11302.13,10944.82,11549.94
2013-02-24,10323.47,10829.81,11138.6
2013-02-25,6417.15,8636.57,9036.41
2013-02-26,5210.76,7735.2300000000005,6638.61
2013-02-27,4732.36,7991.55,7055.92
2013-02-28,7115.39,9215.09,8794.87
2013-03-01,9729.1,10900.05,12633.18
2013-03-02,12913.58,14639.36,15966.94
2013-03-03,10472.22,14678.24,14713.5
2013-03-04,6801.66,11787.44,11178.72
2013-03-05,3888.78,10323.61,8201.36
2013-03-06,5809.2300000000005,11336.67,10528.64
2013-03-07,6190.52,8027.85,9446.42
2013-03-08,7585.63,11119.960000000001,11843.74
2013-03-09,10127.97,12743.31,14012.9
2013-03-10,9174.08,11627.19,12434.72
2013-03-11,5680.04,12193.710000000001,10846.17
2013-03-12,6291.51,11635.83,10634.0
2013-03-13,6536.88,9414.03,9088.0
2013-03-14,6531.85,10951.13,10596.48
2013-03-15,7922.1,12070.74,11250.17
2013-03-16,11102.56,11980.960000000001,13339.4
2013-03-17,9855.04,10756.86,12175.7
2013-03-18,5304.53,8197.93,8422.03
2013-03-19,5953.52,8197.32,8629.17
2013-03-20,6335.24,7992.42,7877.47
2013-03-21,6502.99,7893.0,7925.7
2013-03-22,8140.5,8049.42,8931.56
2013-03-23,10724.3,10297.77,10584.13
2013-03-24,10184.31,9965.76,10843.22
2013-03-25,5974.63,7233.27,8227.7
2013-03-26,6548.08,8206.99,7279.68
2013-03-27,6268.29,7555.8,7725.32
2013-03-28,7069.92,7630.43,7445.02
2013-03-29,9352.210000000001,9636.66,9944.27
2013-03-30,12214.72,11196.11,10875.93
2013-03-31,6059.3,7131.35,8914.6
2013-04-01,6455.16,8638.54,9723.53
2013-04-02,6275.9800000000005,11223.05,11570.64
2013-04-03,7096.22,11893.36,11671.710000000001
2013-04-04,6006.75,8580.59,8486.89
2013-04-05,7596.02,11174.36,10705.36
2013-04-06,10399.29,13656.08,13333.9
2013-04-07,9376.06,10872.95,12670.53
2013-04-08,5954.77,10795.23,9870.24
2013-04-09,5256.61,10140.43,9031.75
2013-04-10,5668.86,8862.45,7860.1
2013-04-11,6379.72,10320.3,8758.5
2013-04-12,7843.74,11873.36,9849.04
2013-04-13,10673.23,12084.59,11454.23
2013-04-14,10198.97,12943.58,9795.77
2013-04-15,6528.16,9896.69,8448.77
2013-04-16,6590.2,9187.4,7435.6
2013-04-17,5421.61,8488.18,5967.68
2013-04-18,6133.59,8271.05,6385.63
2013-04-19,6488.35,8593.17,7234.42
2013-04-20,9889.53,10595.07,8580.11
2013-04-21,8815.82,8890.26,8039.62
2013-04-22,5627.27,7155.03,6024.46
2013-04-23,4820.59,6519.46,5328.21
2013-04-24,6141.31,6854.47,5953.45
2013-04-25,6015.58,6701.14,6306.43
2013-04-26,6678.04,7181.06,6577.07
2013-04-27,8871.05,8822.64,7646.45
2013-04-28,8317.59,8358.82,7687.68
2013-04-29,6130.39,6349.91,5641.1900000000005
2013-04-30,5218.81,6991.76,5844.54
2013-05-01,6428.5,8520.33,6352.59
2013-05-02,5915.62,10504.56,7868.49
2013-05-03,7734.26,11285.37,9452.42
2013-05-04,9308.14,10893.58,8849.67
2013-05-05,9110.26,13154.24,9687.11
2013-05-06,6178.06,11126.78,8414.53
2013-05-07,5626.15,8342.69,6545.42
2013-05-08,6374.88,9080.03,7414.38
2013-05-09,6381.3,11629.15,7886.71
2013-05-10,8036.2,9225.38,8391.6
2013-05-11,10694.16,12552.85,10419.66
2013-05-12,7165.0,10150.93,8620.12
2013-05-13,6483.7,9220.72,7534.41
2013-05-14,5944.42,10634.52,7410.24
2013-05-15,6628.38,11973.81,8630.710000000001
2013-05-16,6757.09,9590.52,7310.03
2013-05-17,8116.26,10109.82,7546.64
2013-05-18,8905.4,9122.98,7772.32
2013-05-19,9375.17,8725.95,7733.7300000000005
2013-05-20,6510.3,8153.51,6712.75
2013-05-21,6450.7300000000005,7828.64,6194.36
2013-05-22,6196.99,7292.63,5508.92
2013-05-23,7260.3,7822.24,6771.04
2013-05-24,7718.2,8680.31,7272.76
2013-05-25,8797.35,9332.04,8092.73
2013-05-26,7543.43,7308.21,6835.05
2013-05-27,7740.15,7531.75,6619.94
2013-05-28,6176.01,6608.61,5623.4
2013-05-29,6052.29,6475.22,5792.32
2013-05-30,6139.25,6657.4,5807.11
2013-05-31,8450.59,10650.68,8354.34
2013-06-01,10609.63,10002.06,8918.91
2013-06-02,9943.29,14400.55,10375.05
2013-06-03,7218.13,13036.710000000001,9653.59
2013-06-04,6727.76,9399.07,7335.64
2013-06-05,6326.43,10764.57,7884.31
2013-06-06,7236.43,10381.82,7841.77
2013-06-07,8000.69,9291.55,7521.6900000000005
2013-06-08,10104.37,12151.64,8465.81
2013-06-09,10169.95,12178.210000000001,11107.210000000001
2013-06-10,6543.88,9344.65,7031.65
2013-06-11,6505.91,10539.960000000001,7570.29
2013-06-12,6446.93,11747.0,7503.81
2013-06-13,6773.74,8999.85,6603.4800000000005
2013-06-14,8362.09,12098.65,8876.01
2013-06-15,10687.03,14015.64,10307.8
2013-06-16,7473.65,8961.14,8071.46
2013-06-17,6517.9800000000005,8473.35,6972.49
2013-06-18,6518.07,7924.06,6296.88
2013-06-19,7004.83,7127.01,6074.83
2013-06-20,6749.85,8375.97,6173.84
2013-06-21,8347.18,8717.94,7922.86
2013-06-22,9690.64,9277.44,8455.2
2013-06-23,9238.4,8602.36,8007.15
2013-06-24,6741.9,7622.9,7005.96
2013-06-25,6145.73,7799.83,6354.05
2013-06-26,6681.51,7030.28,5981.92
2013-06-27,6868.7300000000005,7509.08,5830.06
2013-06-28,7849.84,8392.4,6905.2300000000005
2013-06-29,9321.98,9922.43,8305.54
2013-06-30,9370.66,8835.94,8058.85
2013-07-01,6632.7300000000005,9611.97,6997.85
2013-07-02,6819.42,10145.94,8587.34
2013-07-03,9066.94,12400.49,10555.22
2013-07-04,6241.97,7760.01,6856.55
2013-07-05,8475.52,11298.83,8880.79
2013-07-06,7947.82,11425.75,9389.75
2013-07-07,8523.61,10459.09,9127.81
2013-07-08,6815.07,12128.0,9108.71
2013-07-09,7712.81,11736.22,7885.77
2013-07-10,7335.14,9745.93,6811.75
2013-07-11,7559.84,10849.68,7933.1
2013-07-12,8665.06,11835.130000000001,10109.88
2013-07-13,9668.38,11373.3,9636.42
2013-07-14,10040.45,11681.25,11299.33
2013-07-15,7830.85,11807.45,8854.23
2013-07-16,7499.15,10329.18,7346.62
2013-07-17,7348.39,8357.65,6961.11
2013-07-18,7526.93,8739.23,7598.79
2013-07-19,8527.61,9704.82,8719.87
2013-07-20,9354.44,9181.05,8134.77
2013-07-21,8516.35,7948.03,7653.47
2013-07-22,6675.72,7530.59,6623.67
2013-07-23,6628.42,6872.8,5986.34
2013-07-24,6677.99,7253.91,5839.95
2013-07-25,6775.95,7088.56,5943.71
2013-07-26,8524.37,8914.32,7960.74
2013-07-27,9702.81,8888.65,8077.3
2013-07-28,8846.38,7317.7,7567.28
2013-07-29,5793.08,6176.99,5725.94
2013-07-30,6371.73,6863.83,5514.72
2013-07-31,7264.02,8272.460000000001,6056.92
2013-08-01,6857.54,9298.82,7746.91
2013-08-02,8456.75,12188.32,10749.97
2013-08-03,10073.0,13065.55,10389.1
2013-08-04,8298.4,10594.49,9284.4
2013-08-05,7119.45,12124.34,8526.56
2013-08-06,7076.24,11776.67,8177.01
2013-08-07,6479.95,8097.05,6741.72
2013-08-08,6986.02,10962.48,7336.82
2013-08-09,7876.87,11684.63,9210.88
2013-08-10,9318.35,10408.72,8795.41
2013-08-11,9239.14,11937.84,9586.09
2013-08-12,7732.27,11429.02,9079.53
2013-08-13,6569.79,8655.54,7373.6
2013-08-14,7204.55,10735.64,7954.84
2013-08-15,7434.78,12629.27,8888.86
2013-08-16,8839.61,11825.54,8594.78
2013-08-17,9609.57,10020.81,8729.03
2013-08-18,8824.3,9863.52,8975.95
2013-08-19,7280.51,8020.62,6890.33
2013-08-20,6501.01,7615.96,6312.66
2013-08-21,7040.45,7597.41,6575.54
2013-08-22,7106.38,7575.43,6234.12
2013-08-23,7665.68,8491.93,7338.3
2013-08-24,8718.01,9182.98,8469.48
2013-08-25,9136.5,9764.59,9082.84
2013-08-26,7135.03,8576.87,7542.01
2013-08-27,6912.9,8721.25,7254.43
2013-08-28,7281.99,8176.88,6586.25
2013-08-29,6791.9800000000005,8142.21,6472.7300000000005
2013-08-30,9193.91,11530.54,9384.45
2013-08-31,10037.42,11442.91,9645.65
2013-09-01,8538.85,10278.59,7458.62
2013-09-02,9441.960000000001,12541.29,10353.03
2013-09-03,7446.16,11283.11,8560.78
2013-09-04,6049.83,9998.62,7427.41
2013-09-05,6279.23,11072.31,7629.51
2013-09-06,7519.99,11796.3,8641.99
2013-09-07,9138.1,11534.85,9414.68
2013-09-08,9457.83,13372.99,11210.66
2013-09-09,6850.7,12952.62,8740.12
2013-09-10,6518.47,9950.09,6748.13
2013-09-11,7707.76,10975.25,8024.57
2013-09-12,7453.89,11931.27,9052.57
2013-09-13,8183.56,11631.34,8934.37
2013-09-14,11253.09,14281.55,11322.69
2013-09-15,10311.9,15183.45,11352.64
2013-09-16,6914.02,10349.85,8126.72
2013-09-17,6108.95,9422.74,6684.49
2013-09-18,6250.21,8477.29,6120.56
2013-09-19,5737.77,7628.29,6256.66
2013-09-20,8045.86,9538.47,7969.09
2013-09-21,9821.65,10562.36,8488.64
2013-09-22,9493.29,9393.15,8789.83
2013-09-23,6490.07,8086.38,6283.4400000000005
2013-09-24,5906.74,7014.16,5654.76
2013-09-25,6577.62,7790.5,5793.75
2013-09-26,6443.9800000000005,8188.12,6401.09
2013-09-27,7784.9800000000005,9640.14,7848.71
2013-09-28,9549.85,11495.31,8902.93
2013-09-29,9483.92,9920.58,8514.32
2013-09-30,6472.08,8172.16,7137.66
2013-10-01,7222.5,10139.1,7969.33
2013-10-02,6472.37,10600.57,8295.79
2013-10-03,6898.38,14015.37,9018.81
2013-10-04,7840.32,11113.49,8450.32
2013-10-05,10229.74,15132.710000000001,11004.37
2013-10-06,9612.94,14143.54,11681.79
2013-10-07,6609.57,10054.89,8288.33
2013-10-08,6519.05,11775.57,7672.97
2013-10-09,7170.16,12498.65,8264.04
2013-10-10,6911.27,10299.26,6878.92
2013-10-11,8051.44,12876.28,9344.18
2013-10-12,11016.37,15872.98,11854.36
2013-10-13,9321.97,12407.79,10018.86
2013-10-14,6921.96,11972.210000000001,8713.28
2013-10-15,6748.32,12176.65,8115.4400000000005
2013-10-16,6814.22,10524.42,7315.26
2013-10-17,6301.53,8772.85,6480.12
2013-10-18,7623.07,9452.84,7863.57
2013-10-19,10145.85,10676.81,8751.16
2013-10-20,9130.72,9962.94,9635.44
2013-10-21,6888.6,7938.68,6156.77
2013-10-22,6353.22,7335.79,5933.57
2013-10-23,6953.89,8279.5,6025.25
2013-10-24,7075.66,8217.59,5956.1
2013-10-25,8686.22,9929.11,7229.63
2013-10-26,11632.19,10663.39,9680.41
2013-10-27,7850.6,8797.24,8033.22
2013-10-28,6090.03,7610.82,6565.28
2013-10-29,6477.56,7465.99,6026.27
2013-10-30,6012.43,7195.3,5365.13
2013-10-31,6417.61,8003.31,5827.68
2013-11-01,8888.32,11923.01,9898.130000000001
2013-11-02,10872.04,14501.27,11499.13
2013-11-03,10628.05,13544.53,11250.95
2013-11-04,6547.02,9222.88,7126.12
2013-11-05,6076.37,11312.35,7815.9400000000005
2013-11-06,6665.2300000000005,11404.55,6826.66
2013-11-07,6733.78,9354.66,6391.38
2013-11-08,8305.22,11637.29,8483.09
2013-11-09,11172.49,14368.54,11101.64
2013-11-10,9849.54,11421.19,9737.83
2013-11-11,6135.52,10274.55,8160.77
2013-11-12,6606.56,11104.38,7464.66
2013-11-13,6110.61,9213.75,6300.3
2013-11-14,6649.81,9974.3,6466.35
2013-11-15,8155.74,12015.76,8501.28
2013-11-16,10756.25,12516.74,10142.44
2013-11-17,8790.93,10090.66,9109.67
2013-11-18,6701.47,9278.93,7467.36
2013-11-19,6702.02,8437.34,5819.85
2013-11-20,6917.79,7729.36,6102.44
2013-11-21,7447.58,7772.25,5743.14
2013-11-22,8426.31,9668.53,7257.5
2013-11-23,10624.17,10296.67,8951.62
2013-11-24,9309.17,8261.07,8204.18
2013-11-25,6065.1,7494.39,6658.95
2013-11-26,7084.96,7931.11,6667.4400000000005
2013-11-27,8816.28,9151.31,7778.77
2013-11-28,3341.09,4333.51,4638.4
2013-11-29,7023.87,8094.92,6729.7300000000005
2013-11-30,9204.04,8174.92,7839.7300000000005
2013-12-01,9105.28,9118.94,8325.94
2013-12-02,7188.04,11288.960000000001,8934.93
2013-12-03,6989.99,13142.58,9021.52
2013-12-04,7367.5,8985.11,6493.02
2013-12-05,9083.67,10869.0,8053.46
2013-12-06,9286.68,11495.62,8477.25
2013-12-07,11028.09,11473.87,9662.46
2013-12-08,7849.95,10678.46,8847.2
2013-12-09,6680.06,11720.93,7922.16
2013-12-10,6613.53,8838.71,6494.0
2013-12-11,7037.65,11047.29,7301.26
2013-12-12,7401.18,12120.74,7998.9
2013-12-13,9785.31,12130.960000000001,9033.24
2013-12-14,10018.44,12441.66,9823.47
2013-12-15,10139.16,13363.61,10423.09
2013-12-16,6154.06,9280.68,7375.39
2013-12-17,6769.51,9118.98,6804.67
2013-12-18,7937.45,8654.72,7005.18
2013-12-19,7905.04,9470.86,7328.99
2013-12-20,8373.17,9646.39,7285.15
2013-12-21,13561.79,11818.16,10084.74
2013-12-22,6374.71,6085.21,5945.51
2013-12-23,9693.19,8084.49,8373.79
2013-12-24,8474.88,8566.02,7370.91
2013-12-25,1.58,0.0,1.0
2013-12-26,7264.65,7367.43,7601.22
2013-12-27,8160.52,8331.68,8200.85
2013-12-28,10942.66,8415.04,8460.85
2013-12-29,7793.29,7430.9800000000005,7507.15
2013-12-30,7151.24,7362.04,6874.16
2013-12-31,8315.95,9755.8,8244.69
2014-01-01,4695.7,5184.2300000000005,4064.12
2014-01-02,7045.7,10758.35,8496.15
2014-01-03,9886.34,13466.32,11391.84
2014-01-04,14153.79,13610.56,12818.17
2014-01-05,8765.76,13395.41,11249.25
2014-01-06,3938.47,8226.24,5472.78
2014-01-07,5461.34,6815.01,6859.32
2014-01-08,7833.83,11112.9,8547.36
2014-01-09,8368.47,11235.16,9205.86
2014-01-10,7600.55,9159.4,7742.5
2014-01-11,12210.65,13697.22,11922.75
2014-01-12,11788.12,13223.89,12209.04
2014-01-13,7350.37,9358.13,7260.69
2014-01-14,5935.18,10629.54,7755.41
2014-01-15,6684.72,11330.46,7969.77
2014-01-16,6885.67,10236.96,7569.41
2014-01-17,8662.95,10396.15,8862.22
2014-01-18,11898.42,12160.86,10255.86
2014-01-19,10330.81,10254.63,9985.77
2014-01-20,7384.67,8314.77,7075.45
2014-01-21,5952.8,7840.65,6442.2300000000005
2014-01-22,6148.11,7719.0,5597.61
2014-01-23,6090.73,6898.79,5599.6
2014-01-24,7370.35,9316.4,7403.3
2014-01-25,12372.95,10177.5,9373.12
2014-01-26,9270.61,8656.38,8321.25
2014-01-27,5085.97,6762.86,5536.32
2014-01-28,4934.9,6614.86,4738.8
2014-01-29,6735.37,6902.8,6075.94
2014-01-30,6899.17,7713.56,5992.31
2014-01-31,9745.45,11968.45,10416.64
2014-02-01,11306.73,12043.75,9392.46
2014-02-02,10741.32,12830.41,11689.89
2014-02-03,7214.66,13254.03,10263.37
2014-02-04,6560.42,9217.62,7300.37
2014-02-05,5986.88,10255.22,7011.4
2014-02-06,7201.86,11650.27,7679.59
2014-02-07,8352.03,10778.19,7664.8
2014-02-08,11777.81,14846.82,10849.75
2014-02-09,11620.91,13605.28,11924.05
2014-02-10,6738.43,9575.89,7761.63
2014-02-11,7406.87,11087.4,8420.29
2014-02-12,8053.69,13908.33,9955.78
2014-02-13,7614.6,12723.23,8870.63
2014-02-14,9080.78,12266.43,8581.37
2014-02-15,12577.73,15450.98,11844.08
2014-02-16,11845.29,12913.99,11699.49
2014-02-17,4774.33,8930.65,5781.22
2014-02-18,7496.05,9424.51,8344.48
2014-02-19,7831.2300000000005,10152.04,7776.99
2014-02-20,6647.03,9744.59,6414.4
2014-02-21,8092.33,10844.84,8298.35
2014-02-22,13453.78,11765.29,10640.04
2014-02-23,11713.710000000001,11501.94,10302.38
2014-02-24,7280.65,9369.91,7517.7
2014-02-25,6535.58,8724.74,7141.64
2014-02-26,7216.96,9025.36,5728.24
2014-02-27,7415.37,8796.26,5994.93
2014-02-28,9364.65,12428.460000000001,9041.960000000001
2014-03-01,11746.3,13009.72,9736.29
2014-03-02,12274.62,14167.28,11961.98
2014-03-03,8000.4800000000005,14160.92,9977.34
2014-03-04,6971.2300000000005,10200.12,7291.5
2014-03-05,6835.21,12172.960000000001,7554.82
2014-03-06,8007.0,11449.62,8334.69
2014-03-07,8507.16,10092.25,9216.4
2014-03-08,11874.37,14521.15,11241.33
2014-03-09,11726.97,15367.37,11328.68
2014-03-10,8215.08,11383.85,8695.42
2014-03-11,7687.29,12538.15,8714.55
2014-03-12,7528.09,12976.38,8712.5
2014-03-13,7433.19,10308.33,7600.62
2014-03-14,9611.66,13296.6,9954.82
2014-03-15,12368.44,14521.95,11806.710000000001
2014-03-16,11329.69,12027.69,11209.7
2014-03-17,6891.3,8941.1,7206.1
2014-03-18,6731.83,8580.72,7215.02
2014-03-19,6674.21,8648.23,6294.61
2014-03-20,6340.16,8273.13,6314.3
2014-03-21,8410.26,9016.26,7480.35
2014-03-22,11952.4,10692.04,9453.47
2014-03-23,11165.22,10995.74,9820.27
2014-03-24,7193.45,8326.34,6309.49
2014-03-25,5832.98,7505.79,5963.54
2014-03-26,6781.55,8904.04,6159.81
2014-03-27,7080.34,8454.05,5725.88
2014-03-28,8403.97,10038.98,8016.24
2014-03-29,12336.99,11302.7,9638.15
2014-03-30,10574.35,9876.04,8526.14
2014-03-31,6651.68,8230.08,6095.84
2014-04-01,7791.57,9810.37,7127.41
2014-04-02,7453.83,12415.22,7776.6
2014-04-03,7861.25,13362.11,8829.4
2014-04-04,8511.54,10819.95,7406.46
2014-04-05,12626.98,13593.76,9804.52
2014-04-06,11540.42,14064.24,10588.7
2014-04-07,7126.69,9529.94,7450.79
2014-04-08,7692.41,11932.37,7488.56
2014-04-09,7459.17,11633.67,7298.15
2014-04-10,7600.61,9507.61,5631.0
2014-04-11,9634.24,11728.48,8554.32
2014-04-12,13121.08,14720.0,10749.9
2014-04-13,10848.31,11521.18,9439.07
2014-04-14,8179.13,13088.42,8785.75
2014-04-15,8336.59,12905.76,8503.98
2014-04-16,8403.69,10548.48,6808.27
2014-04-17,8628.17,8960.79,6816.68
2014-04-18,10634.84,10304.27,7259.79
2014-04-19,13537.210000000001,10606.22,9444.98
2014-04-20,7284.06,6541.54,7459.14
2014-04-21,6985.14,8956.45,5787.69
2014-04-22,6789.78,7853.13,6453.87
2014-04-23,6974.92,8331.9,6101.73
2014-04-24,7663.4800000000005,8338.13,5346.77
2014-04-25,8865.13,9317.29,6629.71
2014-04-26,12062.51,11697.69,8119.34
2014-04-27,11755.86,9702.23,8538.17
2014-04-28,7201.0,7253.0,5462.68
2014-04-29,7001.71,8135.13,5554.59
2014-04-30,8208.65,8135.4800000000005,4798.01
2014-05-01,7696.72,10292.31,6784.41
2014-05-02,9691.02,13230.210000000001,9323.95
2014-05-03,11552.15,14798.81,10318.83
2014-05-04,11903.13,11812.51,9646.09
2014-05-05,7273.52,11884.83,7357.29
2014-05-06,7576.16,11218.36,6772.21
2014-05-07,7035.33,9614.57,6264.33
2014-05-08,7653.06,11463.68,6932.38
2014-05-09,9551.43,12084.89,9061.79
2014-05-10,12352.32,12907.94,8866.29
2014-05-11,8610.58,9679.75,8457.24
2014-05-12,8511.35,12850.35,8346.51
2014-05-13,8062.94,10737.5,7634.17
2014-05-14,8247.6,12370.960000000001,7675.32
2014-05-15,7842.58,13801.89,7328.28
2014-05-16,9504.9,10825.4,7722.53
2014-05-17,12017.99,12125.19,8446.87
2014-05-18,10910.22,10864.67,8613.29
2014-05-19,7512.81,9026.57,6078.38
2014-05-20,7971.21,7671.99,5763.63
2014-05-21,7552.05,8116.74,5549.08
2014-05-22,8825.17,8643.66,5882.96
2014-05-23,9422.12,9580.4,7204.27
2014-05-24,10106.14,10099.9,7574.95
2014-05-25,9172.77,7832.9400000000005,7238.2
2014-05-26,8430.07,7414.28,6693.41
2014-05-27,6991.08,7338.79,5881.86
2014-05-28,7470.38,7878.08,5429.61
2014-05-29,7191.16,7308.5,5443.6
2014-05-30,8919.82,10783.6,7066.88
2014-05-31,12115.61,10956.81,7736.19
2014-06-01,11418.93,10493.41,8245.01
2014-06-02,8477.9,11944.19,8700.94
2014-06-03,9329.87,14506.2,8774.77
2014-06-04,7994.51,10470.5,6383.99
2014-06-05,7955.59,12099.32,7232.05
2014-06-06,9328.01,12523.29,8250.06
2014-06-07,11279.51,11532.45,8708.68
2014-06-08,11889.01,13353.88,9174.56
2014-06-09,8474.58,14075.210000000001,7834.75
2014-06-10,7966.51,9824.35,6756.38
2014-06-11,7773.69,11554.83,6488.81
2014-06-12,7997.52,12150.36,7892.89
2014-06-13,10028.22,11078.11,7924.75
2014-06-14,11637.04,12929.7,9140.61
2014-06-15,10361.31,12266.67,9737.29
2014-06-16,7754.97,10820.92,7601.9
2014-06-17,9130.57,9526.0,6839.8
2014-06-18,8145.28,8879.7,5720.88
2014-06-19,8764.05,8871.64,6648.61
2014-06-20,9817.72,10409.22,7178.17
2014-06-21,11258.07,10912.29,7801.02
2014-06-22,10791.710000000001,9462.18,8347.84
2014-06-23,8184.65,9073.5,6448.58
2014-06-24,7096.9800000000005,8102.24,5516.38
2014-06-25,7491.58,8300.7,4995.9
2014-06-26,7571.6,8107.11,4834.51
2014-06-27,9273.960000000001,8737.84,6593.93
2014-06-28,11181.14,9780.86,7321.0
2014-06-29,10743.79,8812.73,7391.86
2014-06-30,7509.55,8969.32,5853.24
2014-07-01,8886.72,11152.63,7378.81
2014-07-02,9989.4,13593.2,8124.28
2014-07-03,11201.46,15219.36,10452.24
2014-07-04,9073.9,9440.03,7544.58
2014-07-05,10527.48,12232.29,8265.17
2014-07-06,10346.85,13364.51,8956.1
2014-07-07,8430.710000000001,10861.29,5640.9800000000005
2014-07-08,8871.3,13307.4,7426.1900000000005
2014-07-09,9596.57,12722.28,7899.27
2014-07-10,8294.59,10359.03,6671.76
2014-07-11,10040.33,13387.8,8668.39
2014-07-12,12487.56,14426.92,10198.11
2014-07-13,11306.19,9590.84,8971.97
2014-07-14,8387.79,11435.94,7663.24
2014-07-15,8288.63,11671.82,7584.43
2014-07-16,7922.75,9601.37,6737.9800000000005
2014-07-17,8287.31,9598.73,6382.45
2014-07-18,9438.76,9953.66,7060.71
2014-07-19,11369.69,10192.32,8320.39
2014-07-20,10809.23,10286.36,7958.83
2014-07-21,8118.64,8015.05,6295.65
2014-07-22,7812.59,7592.9400000000005,6382.87
2014-07-23,7921.52,7545.17,5121.45
2014-07-24,7704.2300000000005,7567.32,5143.32
2014-07-25,8708.05,8661.37,6080.21
2014-07-26,10931.74,8869.67,7456.9
2014-07-27,10600.02,8643.29,7380.61
2014-07-28,7174.52,8286.8,5870.83
2014-07-29,7713.01,7706.18,5646.2300000000005
2014-07-30,7851.76,7726.96,5619.38
2014-07-31,8115.04,9475.75,5506.78
2014-08-01,10556.69,13007.26,8722.84
2014-08-02,11965.82,14883.99,10531.55
2014-08-03,11476.380000000001,13483.460000000001,10524.62
2014-08-04,7699.55,10334.24,6670.62
2014-08-05,8248.85,11589.64,7002.88
2014-08-06,7851.2,11234.960000000001,7078.47
2014-08-07,7950.82,9396.5,6033.87
2014-08-08,8888.09,11708.12,7436.53
2014-08-09,11106.65,12912.05,9256.62
2014-08-10,10533.3,10450.35,8007.18
2014-08-11,8164.5,11492.8,7574.15
2014-08-12,9141.74,11719.5,7980.61
2014-08-13,8509.56,9871.58,6049.24
2014-08-14,8364.38,12197.18,6981.79
2014-08-15,10004.16,12021.51,9047.6
2014-08-16,11891.04,11670.9,8537.38
2014-08-17,12454.64,10620.53,8870.94
2014-08-18,8547.37,9357.13,6342.55
2014-08-19,7876.6,8372.32,6264.24
2014-08-20,8254.7,8953.8,6447.4800000000005
2014-08-21,8503.77,8913.72,5996.28
2014-08-22,9371.36,10122.42,6823.7300000000005
2014-08-23,12212.78,10991.5,8028.09
2014-08-24,12526.34,10366.2,8380.42
2014-08-25,8408.3,9578.49,6991.14
2014-08-26,7805.52,9084.7,6193.58
2014-08-27,7755.74,8932.98,5491.05
2014-08-28,8128.86,9401.77,5428.02
2014-08-29,11686.92,13843.47,8883.47
2014-08-30,12988.33,12464.59,8786.87
2014-08-31,10510.27,11253.63,7954.95
2014-09-01,12307.630000000001,10970.460000000001,8949.79
2014-09-02,8497.6,11865.7,7876.06
2014-09-03,8763.33,13868.97,8762.710000000001
2014-09-04,7986.18,9713.11,6802.3
2014-09-05,9633.460000000001,12278.9,8447.55
2014-09-06,11723.47,14429.72,10830.5
2014-09-07,11674.32,12034.95,9696.41
2014-09-08,7444.77,11489.460000000001,8431.31
2014-09-09,7922.32,11965.45,8176.65
2014-09-10,8222.97,10241.02,5687.5
2014-09-11,8772.73,12490.04,7245.87
2014-09-12,10328.33,13360.35,9214.98
2014-09-13,13981.89,14255.6,10344.89
2014-09-14,11863.12,14254.49,10093.87
2014-09-15,8749.26,13382.75,8408.29
2014-09-16,7957.96,10011.01,6250.54
2014-09-17,7574.51,8528.28,5645.92
2014-09-18,8016.3,9391.65,5890.47
2014-09-19,9473.43,9753.48,7511.45
2014-09-20,12205.36,12029.94,8224.26
2014-09-21,11582.88,10471.28,8707.03
2014-09-22,7722.81,8342.04,6288.83
2014-09-23,7155.3,7682.2,5243.71
2014-09-24,7317.7300000000005,8163.52,5478.03
2014-09-25,7889.66,8930.15,5603.56
2014-09-26,9469.66,10308.86,7336.76
2014-09-27,12360.98,10611.43,8790.34
2014-09-28,12207.55,10903.86,8620.24
2014-09-29,7948.53,8151.55,5946.53
2014-09-30,8378.5,9051.19,6475.45
2014-10-01,9094.05,11869.33,8388.6
2014-10-02,7762.28,12954.800000000001,7596.79
2014-10-03,11387.460000000001,15705.91,10282.64
2014-10-04,13923.61,14149.17,10831.06
2014-10-05,12208.58,15566.95,11878.39
2014-10-06,8055.89,13980.65,8624.23
2014-10-07,8078.58,10024.72,6591.38
2014-10-08,8165.89,13091.4,7313.52
2014-10-09,8593.58,13669.97,7256.57
2014-10-10,9937.94,11705.3,8463.55
2014-10-11,13206.82,16154.99,10890.57
2014-10-12,12543.68,17519.58,12029.5
2014-10-13,8218.32,9888.74,6665.17
2014-10-14,8711.78,14118.97,8508.83
2014-10-15,9548.35,15221.68,7637.16
2014-10-16,8686.03,12233.99,6351.69
2014-10-17,9778.97,10435.460000000001,8439.75
2014-10-18,13934.84,13104.61,9855.17
2014-10-19,11746.58,11686.19,9477.63
2014-10-20,7756.49,9098.11,6877.95
2014-10-21,8016.91,9260.72,6137.99
2014-10-22,7416.22,8716.55,6311.4400000000005
2014-10-23,8209.6,8966.59,6002.31
2014-10-24,10611.97,10507.92,7582.42
2014-10-25,13292.65,11727.49,9022.81
2014-10-26,11806.25,9953.57,8611.81
2014-10-27,7500.13,8382.6,6942.19
2014-10-28,8570.2,8364.57,5315.22
2014-10-29,7341.86,8629.56,5337.1
2014-10-30,8356.34,8805.210000000001,5990.22
2014-10-31,9562.99,13159.62,7927.92
2014-11-01,13750.47,12806.5,9909.99
2014-11-02,13316.26,15347.73,11838.39
2014-11-03,8647.880000000001,15795.19,10124.35
2014-11-04,8447.29,11254.22,7962.53
2014-11-05,7634.4,13014.66,7325.7300000000005
2014-11-06,8625.34,14116.5,8078.1
2014-11-07,9765.94,11520.95,7736.17
2014-11-08,14575.89,16624.41,11101.26
2014-11-09,13366.0,16368.1,11837.710000000001
2014-11-10,8290.86,10136.47,7452.62
2014-11-11,7716.01,11677.08,7657.9800000000005
2014-11-12,8156.14,12941.91,7373.91
2014-11-13,7696.81,9892.69,6755.62
2014-11-14,10017.11,13553.84,8720.49
2014-11-15,14392.66,16379.19,11334.54
2014-11-16,12644.78,13580.61,9846.14
2014-11-17,9037.39,9871.78,7499.45
2014-11-18,7919.77,8435.7,6263.9800000000005
2014-11-19,8516.96,8859.94,5918.1
2014-11-20,8637.55,9371.41,6408.58
2014-11-21,10678.23,11086.17,7851.0
2014-11-22,13259.98,11372.67,9819.77
2014-11-23,12123.15,10259.48,8789.9
2014-11-24,7489.15,9173.69,5456.62
2014-11-25,8486.3,8901.460000000001,6793.21
2014-11-26,10702.34,10896.32,8308.58
2014-11-27,4342.83,4505.62,6061.3
2014-11-28,7536.93,6779.27,6696.02
2014-11-29,12007.17,9422.06,8230.98
2014-11-30,10949.35,8847.7,7455.04
2014-12-01,8791.15,11569.59,6551.29
2014-12-02,8710.37,12130.48,7708.52
2014-12-03,9640.64,14742.4,8495.06
2014-12-04,9417.960000000001,11301.0,6962.86
2014-12-05,13087.64,13768.960000000001,8923.36
2014-12-06,12966.17,15708.07,10095.06
2014-12-07,12499.66,12345.47,10256.33
2014-12-08,8285.53,12188.460000000001,8213.16
2014-12-09,8108.32,12093.09,7602.03
2014-12-10,8224.42,10388.69,6228.9
2014-12-11,8621.57,11603.14,7450.68
2014-12-12,10264.82,13793.61,8523.74
2014-12-13,13399.01,12506.52,9614.73
2014-12-14,12045.51,14554.37,10937.19
2014-12-15,9354.76,13928.18,8679.82
2014-12-16,8360.31,9936.87,7062.68
2014-12-17,8662.58,9465.19,6199.07
2014-12-18,9464.83,9659.78,7158.56
2014-12-19,10292.29,9589.1,7645.75
2014-12-20,14277.64,10673.14,8774.75
2014-12-21,11740.82,9507.5,8877.54
2014-12-22,10170.74,8865.14,7258.39
2014-12-23,11925.87,9542.85,7954.65
2014-12-24,9089.13,9537.66,7903.06
2014-12-25,0.0,0.0,2.68
2014-12-26,9818.89,8953.42,8793.57
2014-12-27,10946.630000000001,8248.29,7316.37
2014-12-28,9496.98,7836.46,7872.52
2014-12-29,8482.54,7324.96,6460.37
2014-12-30,9112.68,8477.27,6533.08
2014-12-31,10915.01,13475.75,9161.51
2015-01-01,7788.35,8352.89,5647.39
2015-01-02,12807.89,14957.34,12267.32
2015-01-03,12145.39,14853.91,11218.16
2015-01-04,11087.41,11044.23,8768.36
2015-01-05,8089.65,13324.26,8314.51
2015-01-06,8756.51,12553.07,8549.38
2015-01-07,7231.16,9017.380000000001,5883.71
2015-01-08,5893.76,12131.69,7532.56
2015-01-09,10218.84,13902.37,9046.41
2015-01-10,16879.69,13193.89,11266.74
2015-01-11,12269.29,14717.78,11205.61
2015-01-12,9063.01,13834.98,9191.87
2015-01-13,7880.95,9877.49,7760.0
2015-01-14,9201.42,12916.33,8082.01
2015-01-15,10070.58,13386.8,8859.03
2015-01-16,11077.35,11878.6,9861.66
2015-01-17,16983.26,13102.86,11108.1
2015-01-18,11252.15,10202.58,9569.960000000001
2015-01-19,9762.710000000001,8794.49,7497.650000000001
2015-01-20,7811.31,7761.2,6210.83
2015-01-21,7799.71,7550.27,6043.13
2015-01-22,8048.49,8010.58,5832.43
2015-01-23,9627.91,9143.5,7169.89
2015-01-24,15073.710000000001,10689.37,9678.66
2015-01-25,11651.960000000001,10844.13,9150.81
2015-01-26,7349.07,9060.54,6293.55
2015-01-27,7480.23,9265.86,5540.66
2015-01-28,8392.69,8169.4400000000005,5909.4800000000005
2015-01-29,7878.39,8683.53,5721.5
2015-01-30,11901.62,13846.66,10000.78
2015-01-31,20286.33,17285.26,13321.76
2015-02-01,5493.71,8143.15,5693.0
2015-02-02,8704.03,12595.65,9588.02
2015-02-03,9626.25,15669.01,10928.03
2015-02-04,9324.88,12049.12,8218.08
2015-02-05,9640.75,13709.99,8663.01
2015-02-06,11521.59,13941.11,10448.1
2015-02-07,16641.25,14516.16,12179.78
2015-02-08,14965.75,17084.21,13562.81
2015-02-09,9320.14,13161.41,10030.960000000001
2015-02-10,8968.91,11724.77,8877.42
2015-02-11,9932.33,13657.960000000001,8803.79
2015-02-12,9462.15,14807.93,9901.5
2015-02-13,11008.69,13106.02,9998.73
2015-02-14,14663.84,14371.130000000001,11870.68
2015-02-15,14859.39,14980.65,12127.2
2015-02-16,9877.65,12686.9,9419.62
2015-02-17,8416.7,11176.93,7815.9
2015-02-18,7901.74,9545.6,6453.06
2015-02-19,8072.8,9967.67,7054.09
2015-02-20,10313.710000000001,10109.47,8011.99
2015-02-21,16045.72,12710.57,11249.1
2015-02-22,13866.01,12417.23,10607.130000000001
2015-02-23,8473.27,9382.6,7810.43
2015-02-24,8340.28,9746.53,7245.7300000000005
2015-02-25,8181.99,9080.85,6737.54
2015-02-26,8467.03,9346.68,6833.7300000000005
2015-02-27,10845.86,11698.99,9419.47
2015-02-28,16421.85,13492.2,11730.5
2015-03-01,14531.3,11784.48,11063.88
2015-03-02,10267.66,12076.26,10674.61
2015-03-03,7103.5,13370.42,8099.74
2015-03-04,9375.4,11202.7,7501.25
2015-03-05,9180.81,11825.45,8116.14
2015-03-06,11225.13,12498.28,10300.48
2015-03-07,15418.65,12942.53,11205.11
2015-03-08,14561.52,15951.74,11738.28
2015-03-09,9933.57,13941.15,9209.23
2015-03-10,7685.38,10643.19,8262.67
2015-03-11,8663.26,12590.95,9021.57
2015-03-12,9158.35,13401.66,9824.69
2015-03-13,9869.09,11656.61,8721.07
2015-03-14,14067.31,15527.62,11224.24
2015-03-15,14707.45,14903.87,12756.77
2015-03-16,8768.89,11534.41,8630.59
2015-03-17,7408.27,10048.98,7335.34
2015-03-18,8007.33,9494.78,7144.47
2015-03-19,7401.34,9348.3,6904.7300000000005
2015-03-20,8684.41,9543.63,7891.51
2015-03-21,13455.3,11781.55,10280.49
2015-03-22,13268.82,10447.14,9279.0
2015-03-23,8003.88,9294.92,6427.14
2015-03-24,8265.48,8657.52,6781.61
2015-03-25,7750.59,8624.73,6203.35
2015-03-26,7926.41,9031.82,6963.41
2015-03-27,9434.99,9763.5,7556.52
2015-03-28,13695.63,10833.77,10247.75
2015-03-29,12530.62,9732.99,8839.46
2015-03-30,7615.88,8338.17,6265.16
2015-03-31,8340.8,8489.1,6778.29
2015-04-01,9073.64,11178.49,7941.1
2015-04-02,8783.99,11529.63,8193.18
2015-04-03,12504.08,15408.91,11046.75
2015-04-04,14846.64,13084.68,10660.32
2015-04-05,9290.24,10812.710000000001,10595.01
2015-04-06,8348.08,12776.66,9595.76
2015-04-07,7694.45,10788.130000000001,8816.77
2015-04-08,8805.95,13238.26,8886.2
2015-04-09,8061.89,13479.85,8513.01
2015-04-10,11094.81,11787.97,9834.8
2015-04-11,14070.11,14685.52,11503.05
2015-04-12,13416.460000000001,15223.68,12278.09
2015-04-13,9331.45,10760.24,8651.19
2015-04-14,8465.35,12334.98,9748.42
2015-04-15,10043.45,13423.37,8796.18
2015-04-16,7929.38,10168.07,8005.33
2015-04-17,9445.76,9539.67,8525.15
2015-04-18,13801.27,11732.26,10228.07
2015-04-19,13337.62,11273.29,11189.32
2015-04-20,8457.64,9652.81,7802.66
2015-04-21,7898.94,9103.65,7380.45
2015-04-22,8528.25,8889.49,6873.36
2015-04-23,8002.54,9651.710000000001,6766.8
2015-04-24,10216.72,10149.02,8541.02
2015-04-25,15064.94,11857.74,9752.38
2015-04-26,12784.24,11245.83,10086.86
2015-04-27,8994.72,9639.06,7368.87
2015-04-28,7567.7,8384.61,6345.97
2015-04-29,7949.72,7937.9800000000005,5698.59
2015-04-30,8910.64,9476.63,6833.66
2015-05-01,10993.84,12573.68,9644.36
2015-05-02,13546.86,14875.52,11692.69
2015-05-03,13180.87,15470.36,13504.22
2015-05-04,9245.05,12178.07,9251.68
2015-05-05,9052.21,12826.29,9246.73
2015-05-06,8918.04,12786.52,8890.77
2015-05-07,8405.12,10473.93,7197.53
2015-05-08,11300.93,12799.68,9566.22
2015-05-09,15572.32,16148.300000000001,11781.130000000001
2015-05-10,10528.46,9884.15,9229.13
2015-05-11,9432.16,11833.22,9584.55
2015-05-12,8243.03,14966.29,9477.19
2015-05-13,8836.28,10124.36,7608.3
2015-05-14,9701.09,12351.06,7960.71
2015-05-15,10330.3,12897.03,10186.2
2015-05-16,12762.08,12968.39,10095.76
2015-05-17,13964.630000000001,12400.74,10755.86
2015-05-18,8931.4,9940.44,7969.74
2015-05-19,8265.28,9602.69,7091.64
2015-05-20,8987.8,9945.75,6585.51
2015-05-21,8954.83,8854.79,6940.78
2015-05-22,10850.19,9787.26,8651.91
2015-05-23,10924.27,10547.45,9212.4
2015-05-24,11013.22,9145.17,8270.4
2015-05-25,10710.39,8774.52,8613.86
2015-05-26,8690.33,8266.94,6840.84
2015-05-27,8140.25,8034.42,6679.12
2015-05-28,8103.97,8455.91,6357.94
2015-05-29,9889.77,9425.61,7393.67
2015-05-30,13888.59,11689.66,9365.27
2015-05-31,12359.82,11139.19,9408.34
2015-06-01,9955.51,11892.34,8428.95
2015-06-02,8819.54,12927.84,8060.42
2015-06-03,10364.16,14634.81,8913.8
2015-06-04,9637.74,10597.4,8086.09
2015-06-05,10509.13,12203.97,10268.34
2015-06-06,13024.12,13910.68,11030.3
2015-06-07,14671.28,11718.97,10072.29
2015-06-08,9315.380000000001,12610.97,9377.99
2015-06-09,9391.83,12795.89,8520.66
2015-06-10,9365.94,10029.43,7722.73
2015-06-11,9329.63,11853.93,8012.15
2015-06-12,11216.04,14223.34,10091.55
2015-06-13,12254.63,12960.09,9094.59
2015-06-14,12828.28,13034.02,11806.58
2015-06-15,9718.49,13514.12,9635.12
2015-06-16,8498.79,10243.83,8130.29
2015-06-17,9158.66,9440.46,7380.68
2015-06-18,9349.17,10017.85,7262.97
2015-06-19,11086.99,10620.41,9292.5
2015-06-20,11969.55,10435.86,8982.11
2015-06-21,10376.24,9787.14,8472.24
2015-06-22,7945.4800000000005,9609.46,8006.76
2015-06-23,8810.85,8240.7,7340.4
2015-06-24,8428.69,7899.83,6688.43
2015-06-25,8447.21,7857.0,6192.57
2015-06-26,10174.43,9365.04,7258.08
2015-06-27,11046.39,9944.15,8294.49
2015-06-28,11353.01,8485.02,9241.93
2015-06-29,8938.7,8762.05,7292.4800000000005
2015-06-30,8890.24,8475.14,7029.28
2015-07-01,10157.710000000001,11317.27,8168.55
2015-07-02,10900.62,13320.24,10431.57
2015-07-03,14915.71,16559.84,14239.88
2015-07-04,9235.2,9183.32,8239.289999999999
2015-07-05,11872.75,12426.14,9952.73
2015-07-06,9691.97,13937.51,10059.89
2015-07-07,9154.08,10789.51,8934.69
2015-07-08,9387.82,12921.25,8600.74
2015-07-09,9516.52,12843.29,9242.39
2015-07-10,10913.66,11737.92,9455.41
2015-07-11,13319.67,14008.42,11029.59
2015-07-12,12658.84,13586.52,11541.89
2015-07-13,8899.61,10368.04,9319.23
2015-07-14,9121.15,13292.14,9527.01
2015-07-15,9691.32,14231.61,9001.32
2015-07-16,10320.99,12324.17,8442.26
2015-07-17,12215.45,11455.6,10124.62
2015-07-18,12068.53,11465.6,9589.17
2015-07-19,12555.98,11589.16,10202.02
2015-07-20,9183.77,9742.39,7507.49
2015-07-21,8776.210000000001,9378.460000000001,7255.6
2015-07-22,9293.27,9121.4,6709.7
2015-07-23,8039.44,9067.85,7294.88
2015-07-24,10164.23,9520.17,8411.62
2015-07-25,11495.59,9776.73,9166.05
2015-07-26,11933.6,10572.37,8623.89
2015-07-27,8846.26,8864.64,7906.75
2015-07-28,8297.0,8071.53,6682.89
2015-07-29,8200.82,8051.13,6384.99
2015-07-30,9275.34,9071.1,6857.84
2015-07-31,11913.99,12976.24,10210.0
2015-08-01,13458.37,13384.85,9927.37
2015-08-02,13052.58,13757.02,11729.9
2015-08-03,10794.11,16196.75,10480.61
2015-08-04,8825.54,11016.84,8322.05
2015-08-05,9819.66,12602.36,8087.04
2015-08-06,8135.76,12906.08,8777.78
2015-08-07,10205.28,11391.09,9099.61
2015-08-08,11210.17,13147.54,10686.4
2015-08-09,11967.48,15401.43,11211.83
2015-08-10,8475.94,10510.51,8250.1
2015-08-11,8771.6,11884.15,8313.47
2015-08-12,8176.7,12788.78,7760.58
2015-08-13,8883.26,11032.23,7672.56
2015-08-14,10574.75,14087.3,9674.0
2015-08-15,11568.41,15053.57,11096.57
2015-08-16,12504.68,12352.7,10647.73
2015-08-17,9477.85,11144.06,8764.84
2015-08-18,8861.83,10327.5,8158.56
2015-08-19,9138.79,9624.07,6920.38
2015-08-20,8213.9,9414.71,6731.11
2015-08-21,9956.3,9917.98,7993.03
2015-08-22,12255.17,10851.84,8593.35
2015-08-23,11829.18,11227.06,9078.18
2015-08-24,9089.81,9461.72,7232.67
2015-08-25,8295.61,9330.6,7136.86
2015-08-26,9011.36,10253.23,6684.59
2015-08-27,8414.32,10485.97,7094.02
2015-08-28,10744.49,11733.84,8021.4
2015-08-29,13379.25,12930.09,9321.73
2015-08-30,13051.42,11478.04,9619.09
2015-08-31,9389.81,11468.27,8142.7
2015-09-01,9296.25,13655.58,8674.99
2015-09-02,9354.99,13244.67,8944.61
2015-09-03,9526.45,16134.34,9517.59
2015-09-04,10563.64,12317.99,9171.93
2015-09-05,11937.55,15312.43,10398.36
2015-09-06,11013.12,13583.32,9925.05
2015-09-07,10236.77,11782.48,9684.55
2015-09-08,7624.71,13070.06,8096.35
2015-09-09,9043.0,14409.55,8895.43
2015-09-10,9048.54,12350.08,7662.79
2015-09-11,11059.16,14538.28,9640.29
2015-09-12,13912.62,16750.33,11756.69
2015-09-13,12568.57,14171.07,11422.18
2015-09-14,9287.49,13981.5,9534.02
2015-09-15,8885.45,13521.960000000001,9354.24
2015-09-16,8098.79,11507.02,7797.52
2015-09-17,9350.85,10903.49,7546.94
2015-09-18,10058.33,12265.35,8641.56
2015-09-19,12966.1,12792.12,11312.01
2015-09-20,12203.62,12235.6,11293.26
2015-09-21,8402.33,10419.49,7861.56
2015-09-22,7874.58,8765.0,6994.81
2015-09-23,7926.27,9790.93,6917.96
2015-09-24,8290.4,9718.33,7058.53
2015-09-25,10155.04,11937.4,8590.19
2015-09-26,13037.31,12639.56,10275.82
2015-09-27,13042.09,12192.45,10623.01
2015-09-28,8495.83,8208.2,7627.01
2015-09-29,8297.8,9243.55,6587.18
2015-09-30,8754.81,10298.56,6980.9
2015-10-01,9450.57,13519.6,8538.36
2015-10-02,11758.25,17201.29,11398.210000000001
2015-10-03,14753.12,18437.23,14615.73
2015-10-04,13250.09,15464.75,12720.42
2015-10-05,9361.38,16105.06,10517.36
2015-10-06,9016.31,15669.77,9659.81
2015-10-07,8466.3,11486.94,8430.99
2015-10-08,9606.11,15207.18,9053.97
2015-10-09,11934.5,15955.57,11593.04
2015-10-10,14335.51,15136.880000000001,11985.59
2015-10-11,12444.9,16687.26,12576.5
2015-10-12,9669.81,16363.37,10130.81
2015-10-13,9058.64,12104.4,8451.22
2015-10-14,9659.99,13247.45,9892.43
2015-10-15,9228.62,15389.95,9831.58
2015-10-16,10492.6,14292.02,9802.6
2015-10-17,13468.28,13695.56,11863.460000000001
2015-10-18,12425.7,13713.19,11928.84
2015-10-19,8959.72,9852.880000000001,8001.81
2015-10-20,8338.19,9182.65,8097.71
2015-10-21,8859.99,9496.96,7394.72
2015-10-22,8383.67,10238.72,7642.37
2015-10-23,11423.22,10935.64,8532.64
2015-10-24,14875.28,13238.49,10678.81
2015-10-25,13005.92,11889.09,10659.72
2015-10-26,8699.01,10423.74,7978.8
2015-10-27,8559.58,9206.0,7592.06
2015-10-28,7750.7300000000005,9228.42,6891.99
2015-10-29,8979.27,11049.47,7466.35
2015-10-30,12573.29,14307.39,10906.58
2015-10-31,12614.8,12990.32,10794.82
2015-11-01,13614.31,11781.24,11645.23
2015-11-02,9551.6,13742.19,9812.13
2015-11-03,9275.59,15059.14,10890.51
2015-11-04,8111.67,10762.92,8086.4
2015-11-05,9317.19,13367.74,9385.72
2015-11-06,10895.9,15573.79,10829.99
2015-11-07,14178.17,15178.98,12538.5
2015-11-08,12768.53,16624.87,12608.23
2015-11-09,9346.57,13988.210000000001,11004.76
2015-11-10,8319.32,10605.27,8381.63
2015-11-11,9380.67,11349.01,8434.58
2015-11-12,8535.5,13782.9,9191.08
2015-11-13,11313.91,12829.45,9543.37
2015-11-14,15715.23,15649.93,14071.7
2015-11-15,13140.83,16974.91,12745.81
2015-11-16,8488.75,11962.15,9306.03
2015-11-17,6976.9,8963.11,6932.94
2015-11-18,8994.66,10711.88,8503.35
2015-11-19,9548.460000000001,10908.65,8365.47
2015-11-20,15068.42,14392.89,11080.01
2015-11-21,10801.58,11542.73,9946.78
2015-11-22,13439.75,10938.88,11071.09
2015-11-23,9369.88,9358.13,8391.52
2015-11-24,9733.83,10071.69,8301.78
2015-11-25,11316.0,11052.33,10202.73
2015-11-26,4776.59,5102.9400000000005,7732.63
2015-11-27,8404.460000000001,7637.04,7341.72
2015-11-28,10885.59,8636.41,9145.55
2015-11-29,11697.74,9753.19,9440.48
2015-11-30,8631.97,8970.05,7499.33
2015-12-01,9687.57,12241.83,8431.02
2015-12-02,8785.72,13673.710000000001,9034.93
2015-12-03,11641.35,17003.170000000002,11443.32
2015-12-04,13400.710000000001,12687.17,10558.69
2015-12-05,15487.45,15794.64,13310.23
2015-12-06,15350.31,16576.14,12568.68
2015-12-07,9612.48,12317.710000000001,8736.05
2015-12-08,8750.960000000001,13560.84,9615.380000000001
2015-12-09,10102.460000000001,13075.7,9043.87
2015-12-10,9234.88,10826.97,7602.11
2015-12-11,11000.52,14079.210000000001,10092.54
2015-12-12,14340.64,16561.69,12105.68
2015-12-13,13222.95,13167.17,11615.43
2015-12-14,10009.98,13936.82,10375.42
2015-12-15,10063.41,14639.01,9155.88
2015-12-16,9683.66,11020.460000000001,8388.81
2015-12-17,9810.37,11857.35,9338.91
2015-12-18,11282.94,11285.67,9522.92
2015-12-19,14359.94,12588.76,10389.24
2015-12-20,13286.83,11277.32,11474.88
2015-12-21,11334.36,10209.05,8750.710000000001
2015-12-22,10912.87,10713.74,9308.02
2015-12-23,12693.43,10909.66,9852.81
2015-12-24,11611.94,11169.22,10701.960000000001
2015-12-25,3.65,1.28,1.58
2015-12-26,10917.56,8958.12,10057.7
2015-12-27,11889.84,8873.98,9294.93
2015-12-28,4826.38,6917.75,5435.64
2015-12-29,8238.9,8870.2,7649.14
2015-12-30,10806.32,11406.08,8721.93
2015-12-31,15106.78,17906.23,13604.47
2016-01-01,10837.56,11005.57,8807.97
2016-01-02,15174.64,15594.59,13828.76
2016-01-03,12515.81,15742.09,12551.32
2016-01-04,9415.6,12351.87,9403.95
2016-01-05,10276.26,14665.98,10660.81
2016-01-06,9463.11,14854.84,9723.960000000001
2016-01-07,8761.63,11502.130000000001,8740.04
2016-01-08,11297.81,14641.91,10920.02
2016-01-09,15984.47,18380.61,13767.14
2016-01-10,12157.32,12896.66,11365.45
2016-01-11,8831.1,14621.39,9382.76
2016-01-12,7917.08,14447.99,10242.91
2016-01-13,8620.53,12727.44,8010.16
2016-01-14,11002.95,16603.670000000002,11009.02
2016-01-15,13496.69,17979.96,13096.25
2016-01-16,16726.12,17330.12,14577.34
2016-01-17,11476.02,13117.5,10283.36
2016-01-18,8192.05,11522.6,8665.09
2016-01-19,8838.8,10457.8,8362.460000000001
2016-01-20,9552.13,11157.22,7507.95
2016-01-21,8439.36,10486.93,7385.27
2016-01-22,10993.2,12624.48,9450.33
2016-01-23,14339.210000000001,14448.75,12099.39
2016-01-24,14206.66,13811.61,11238.07
2016-01-25,8402.37,9975.23,8192.83
2016-01-26,7344.56,10293.34,7447.6
2016-01-27,8702.17,10628.97,7849.78
2016-01-28,8888.6,12289.45,7802.22
2016-01-29,11280.43,13659.97,10246.31
2016-01-30,16643.6,16179.9,13176.01
2016-01-31,14837.880000000001,14602.89,12448.89
2016-02-01,11812.37,16371.98,11217.61
2016-02-02,7590.45,16225.65,9157.16
2016-02-03,9305.37,17824.37,11516.92
2016-02-04,8538.63,13668.2,8881.26
2016-02-05,11064.47,16622.89,10979.37
2016-02-06,17029.4,21039.74,15656.89
2016-02-07,14001.08,15564.07,13133.13
2016-02-08,7755.45,15001.59,9558.75
2016-02-09,10147.89,17155.83,10345.07
2016-02-10,9699.37,16505.87,10617.56
2016-02-11,11871.12,19726.510000000002,13459.42
2016-02-12,12991.08,20235.82,12980.19
2016-02-13,16710.84,18871.88,15958.06
2016-02-14,13969.56,18819.41,14308.51
2016-02-15,10576.49,19282.18,12871.91
2016-02-16,9354.93,15323.12,10360.51
2016-02-17,10003.9,14771.630000000001,9344.93
2016-02-18,9679.07,13836.85,7952.89
2016-02-19,11385.68,14115.5,10499.57
2016-02-20,16419.67,16534.36,14345.14
2016-02-21,14759.63,15767.960000000001,13253.210000000001
2016-02-22,9167.83,12958.93,9139.35
2016-02-23,8768.13,11905.94,8764.95
2016-02-24,9215.16,12948.04,8185.900000000001
2016-02-25,9312.82,13666.460000000001,8487.58
2016-02-26,10631.95,12334.4,9755.81
2016-02-27,14856.56,14475.17,12466.06
2016-02-28,15093.54,14638.95,12465.79
2016-02-29,10478.81,12234.79,9302.34
2016-03-01,6770.83,13174.64,7752.12
2016-03-02,10429.460000000001,16793.47,11183.69
2016-03-03,10569.65,20065.2,12267.33
2016-03-04,11545.37,15973.31,11021.93
2016-03-05,15430.19,20107.61,14802.61
2016-03-06,16141.54,20338.94,15008.25
2016-03-07,8756.47,13995.89,10923.03
2016-03-08,8718.74,15405.460000000001,10708.5
2016-03-09,9666.85,16112.16,10206.76
2016-03-10,9848.65,15297.74,9727.31
2016-03-11,11376.43,16707.08,11208.01
2016-03-12,15233.39,19134.82,14016.12
2016-03-13,14421.52,17482.1,14206.08
2016-03-14,9758.1,17026.02,11054.27
2016-03-15,9523.82,18116.68,11272.47
2016-03-16,9273.0,14841.33,8771.6
2016-03-17,8944.53,12349.59,9126.58
2016-03-18,10497.03,13920.91,10594.35
2016-03-19,14697.78,15396.61,13044.99
2016-03-20,14756.11,16415.4,12262.14
2016-03-21,9798.82,12588.86,9003.5
2016-03-22,8831.94,11647.11,8626.09
2016-03-23,8054.51,11572.09,7207.52
2016-03-24,8393.8,11098.08,8009.2300000000005
2016-03-25,14814.75,14885.49,11917.9
2016-03-26,17756.81,15355.130000000001,12946.88
2016-03-27,10633.3,10843.27,11356.56
2016-03-28,9515.64,12008.9,8658.56
2016-03-29,8413.73,11634.8,8899.89
2016-03-30,7900.81,10220.51,7955.67
2016-03-31,8900.28,10670.28,8386.98
2016-04-01,13428.87,18023.46,12105.44
2016-04-02,15488.17,19951.09,15120.47
2016-04-03,16997.06,20078.4,15226.84
2016-04-04,9622.86,14506.26,10091.69
2016-04-05,9732.79,16416.33,11352.34
2016-04-06,9325.03,17597.52,11040.2
2016-04-07,9590.76,15029.59,9983.82
2016-04-08,11615.97,19000.62,11783.43
2016-04-09,18539.27,23108.02,15710.61
2016-04-10,15723.04,17559.43,14534.12
2016-04-11,10514.1,18240.56,11786.12
2016-04-12,10118.380000000001,17421.03,11559.74
2016-04-13,9117.23,13925.19,8882.74
2016-04-14,10067.52,16057.74,10101.1
2016-04-15,12202.7,18264.02,12252.710000000001
2016-04-16,14479.73,16280.31,13438.84
2016-04-17,15036.6,16029.69,13120.89
2016-04-18,9324.65,12399.62,10077.68
2016-04-19,9082.31,12607.210000000001,9472.7
2016-04-20,9949.23,12212.210000000001,9341.89
2016-04-21,10361.39,12796.87,9212.23
2016-04-22,12292.56,14251.83,10959.56
2016-04-23,14332.14,15761.02,13120.79
2016-04-24,14858.97,15066.130000000001,12892.99
2016-04-25,9498.48,11950.82,9248.18
2016-04-26,9446.94,11942.89,8950.87
2016-04-27,9484.43,10862.16,8152.41
2016-04-28,9651.43,12624.97,8073.34
2016-04-29,12292.07,16617.89,10366.75
2016-04-30,16026.76,15435.87,12722.83
2016-05-01,15987.16,15403.56,13468.86
2016-05-02,10656.36,16007.25,12123.56
2016-05-03,10604.54,18652.08,12606.960000000001
2016-05-04,10455.68,14654.52,10565.6
2016-05-05,11258.6,17157.94,11483.95
2016-05-06,11901.18,17105.13,11630.84
2016-05-07,16256.33,17415.87,14956.19
2016-05-08,12298.68,16314.79,12664.06
2016-05-09,11917.4,19658.05,12697.32
2016-05-10,9995.48,14439.300000000001,9503.6
2016-05-11,12257.9,19898.23,11556.27
2016-05-12,10925.27,17216.33,11238.97
2016-05-13,11834.56,15568.59,11233.33
2016-05-14,16841.64,21829.53,16047.42
2016-05-15,16822.06,21976.03,16739.45
2016-05-16,10274.23,14444.74,10963.3
2016-05-17,10121.1,13612.95,9617.12
2016-05-18,9605.89,12928.75,9163.29
2016-05-19,10478.86,13547.39,9660.130000000001
2016-05-20,11358.75,14139.33,11982.37
2016-05-21,14614.05,15020.25,12370.23
2016-05-22,15332.95,14821.51,13432.85
