City_ID,City,Lat,Lng,Max Temp,Humidity,Cloudiness,Wind Speed,Country,Date
0,whitehorse,60.7161,-135.0538,24.45,49,75,2.24,CA,1690417368
1,west island,-12.1568,96.8225,23.99,83,75,10.8,CC,1690417536
2,waitangi,-43.9535,-176.5597,9.34,86,92,1.34,NZ,1690417531
3,impfondo,1.6381,18.0667,22.21,84,82,0.82,CG,1690417883
4,odesskoye,54.2111,72.9651,18.68,82,98,2.3,RU,1690417883
5,stanley,54.868,-1.6985,13.49,94,75,1.54,GB,1690417536
6,port-aux-francais,-49.35,70.2167,4.6,77,79,17.78,TF,1690417532
7,lakhna,26.65,79.15,29.77,70,100,3.55,IN,1690417884
8,labrador city,52.9463,-66.9114,16.95,72,75,3.6,CA,1690417576
9,berezovyy,51.6667,135.7,25.26,65,65,0.25,RU,1690417586
10,vadso,70.0744,29.7487,10.09,93,100,1.03,NO,1690417536
11,edinburgh of the seven seas,-37.0676,-12.3116,10.75,54,61,10.82,SH,1690417532
12,bokoro,12.3807,17.0568,25.59,79,100,3.02,TD,1690417885
13,masterton,-40.9597,175.6575,12.16,84,67,5.07,NZ,1690417656
14,puerto natales,-51.7236,-72.4875,-0.97,91,100,1.44,CL,1690417529
15,ca mau,9.1769,105.15,28.25,77,92,4.96,VN,1690417885
16,puerto san jose,13.9256,-90.8244,29.89,69,16,3.63,GT,1690417556
17,poronaysk,49.2167,143.1167,22.91,73,50,0.82,RU,1690417576
18,bilibino,68.0546,166.4372,11.1,71,64,2.15,RU,1690417543
19,kununurra,-15.7667,128.7333,20.99,49,8,2.06,AU,1690417531
20,sao gabriel da cachoeira,-0.1303,-67.0892,23.85,92,88,1.06,BR,1690417886
21,grytviken,-54.2811,-36.5092,0.45,98,100,5.0,GS,1690417530
22,tazovsky,67.4667,78.7,16.91,87,16,1.44,RU,1690417564
23,avarua,-21.2078,-159.775,24.03,64,100,3.6,CK,1690417542
24,albany,42.6001,-73.9662,26.36,75,88,1.88,US,1690417551
25,ancud,-41.8697,-73.8203,7.98,90,100,2.23,CL,1690417826
26,arkhangel'sk,64.5401,40.5433,14.47,87,99,1.66,RU,1690417698
27,ust-nera,64.5667,143.2,14.17,61,94,3.23,RU,1690417532
28,dudinka,69.4058,86.1778,22.57,66,25,1.05,RU,1690417537
29,tongliao,43.6125,122.2653,27.96,69,96,8.77,CN,1690417887
30,olyokminsk,60.3736,120.4264,23.54,71,12,2.46,RU,1690417551
31,ilulissat,69.2167,-51.1,10.01,57,0,2.57,GL,1690417491
32,malanville,11.8685,3.3899,26.7,77,99,2.86,BJ,1690417888
33,tiksi,71.6872,128.8694,8.57,69,39,1.67,RU,1690417530
34,yellowknife,62.456,-114.3525,25.29,31,75,5.14,CA,1690417490
35,adamstown,-25.066,-130.1015,19.91,63,48,7.21,PN,1690417531
36,la'ie,21.6477,-157.9253,31.98,72,32,7.54,US,1690417577
37,akureyri,65.6835,-18.0878,8.96,76,100,3.6,IS,1690417888
38,minas de marcona,-15.2119,-75.1103,12.32,86,28,6.07,PE,1690417579
39,tura,25.5198,90.2201,23.96,97,100,2.3,IN,1690417889
40,chlumec nad cidlinou,50.1544,15.4603,13.05,88,12,2.78,CZ,1690417889
41,enewetak,11.3474,162.3373,28.46,76,90,6.12,MH,1690417578
42,kodiak,57.79,-152.4072,15.73,77,100,3.09,US,1690417566
43,rikaze,29.25,88.8833,9.68,86,100,1.65,CN,1690417888
44,cabo san lucas,22.8909,-109.9124,34.23,69,20,4.63,MX,1690417435
45,bethel,41.3712,-73.414,26.53,76,42,2.13,US,1690417396
46,kingston,17.997,-76.7936,30.53,80,20,1.54,JM,1690417475
47,dryden,49.7833,-92.7503,27.16,65,75,2.57,CA,1690417565
48,invercargill,-46.4,168.35,7.48,62,100,7.83,NZ,1690417537
49,west vancouver,49.3323,-123.1622,24.5,55,40,4.12,CA,1690417817
50,georgetown,5.4112,100.3354,27.75,93,40,1.03,MY,1690417375
51,badger,64.8,-147.5333,28.32,53,75,2.06,US,1690417557
52,codrington,-38.2667,141.9667,11.11,71,4,7.04,AU,1690417535
53,lebu,-37.6167,-73.65,8.73,85,95,0.98,CL,1690417552
54,tinghir,31.5157,-5.5343,30.29,13,0,3.38,MA,1690417890
55,bei'an,24.5399,109.533,29.96,73,91,3.02,CN,1690417891
56,thompson,55.7435,-97.8558,16.09,63,100,3.6,CA,1690417532
57,tolanaro,-25.0319,46.9987,17.04,88,75,2.57,MG,1690417490
58,kayyerkan,69.3786,87.7439,22.39,73,94,1.0,RU,1690417891
59,kavieng,-2.5744,150.7967,28.65,74,41,4.02,PG,1690417593
60,bredasdorp,-34.5322,20.0403,9.02,92,37,1.86,ZA,1690417531
61,college,64.8569,-147.8028,28.37,55,75,2.06,US,1690417556
62,longyearbyen,78.2186,15.6401,10.91,76,75,2.57,SJ,1690417532
63,agat village,13.3886,144.6585,26.09,93,100,2.24,GU,1690417892
64,chibougamau,49.9168,-74.3659,21.79,53,100,3.32,CA,1690417799
65,island harbour,50.724,-1.2758,17.18,95,100,4.02,GB,1690417892
66,ola,59.5833,151.2833,16.19,98,100,4.29,RU,1690417605
67,kathmandu,27.7167,85.3167,21.12,93,75,1.03,NP,1690417667
68,ribeira grande,38.5167,-28.7,23.21,95,28,2.68,PT,1690417553
69,hawaiian paradise park,19.5933,-154.9731,28.35,79,40,4.12,US,1690417530
70,buala,-8.145,159.5921,27.46,84,98,4.64,SB,1690417569
71,lihue,21.9789,-159.3672,29.77,64,20,6.17,US,1690417873
72,papatowai,-46.5619,169.4708,6.18,74,100,10.49,NZ,1690417531
73,port elizabeth,-33.918,25.5701,14.16,67,0,3.09,ZA,1690417561
74,ta`u,-14.2336,-169.5144,25.71,72,86,4.87,AS,1690417878
75,margate,51.3813,1.3862,17.17,97,100,3.58,GB,1690417550
76,cill airne,52.05,-9.5167,15.93,99,100,2.43,IE,1690417893
77,ondjiva,-17.0667,15.7333,17.02,29,10,3.6,AO,1690417894
78,bonthe,7.5264,-12.505,24.45,92,99,2.24,SL,1690417895
79,itabera,-23.8619,-49.1372,17.42,67,16,1.1,BR,1690417895
80,port augusta,-32.5,137.7667,19.58,36,100,8.81,AU,1690417895
81,kasongo-lunda,-6.4667,16.8167,21.78,56,4,1.07,CD,1690417537
82,beloyarskiy,63.7119,66.6722,14.46,97,100,2.23,RU,1690417895
83,kidal,18.4411,1.4078,33.0,32,84,3.58,ML,1690417844
84,muynoq,43.7683,59.0214,26.71,50,97,4.28,UZ,1690417895
85,jamestown,42.097,-79.2353,21.77,89,100,5.14,US,1690417545
86,sandnessjoen,66.0217,12.6316,14.29,89,55,2.76,NO,1690417864
87,klyuchi,52.2667,79.1667,21.53,41,99,2.24,RU,1690417555
88,el burgo de osma,41.5862,-3.0652,16.34,63,0,3.35,ES,1690417896
89,port lincoln,-34.7333,135.8667,15.24,56,50,8.32,AU,1690417531
90,nichinan,31.6,131.3667,28.82,76,40,2.87,JP,1690417896
91,balaklava,44.5,33.6,24.7,54,4,7.67,UA,1690417896
92,casablanca,33.5928,-7.6192,22.01,73,19,4.02,MA,1690417851
93,maracaju,-21.6144,-55.1683,22.95,41,95,2.28,BR,1690417897
94,raduzhnyy,62.0961,77.475,17.41,87,30,2.97,RU,1690417897
95,nova vicosa,-17.8919,-39.3719,21.61,79,3,2.83,BR,1690417565
96,raduzhny,62.0961,77.475,17.41,87,30,2.97,RU,1690417897
97,constantia,44.1833,28.65,21.5,75,24,10.8,RO,1690417446
98,remire-montjoly,4.9167,-52.2667,25.02,94,75,0.0,GF,1690417562
99,grand falls-windsor,48.9332,-55.6649,18.82,93,88,2.3,CA,1690417544
100,dayton,39.7589,-84.1916,30.0,69,75,9.26,US,1690417665
101,crane,31.3974,-102.3501,35.33,24,28,7.55,US,1690417670
102,holualoa,19.6228,-155.9522,27.91,81,75,6.17,US,1690417837
103,margaret river,-33.95,115.0667,12.91,70,97,6.72,AU,1690417378
104,sabang,5.8933,95.3214,28.02,77,96,8.43,ID,1690417545
105,punta arenas,-53.15,-70.9167,0.17,76,12,4.8,CL,1690417879
106,port hedland,-20.3167,118.5667,19.03,59,49,2.57,AU,1690417898
107,rio grande,-32.035,-52.0986,14.06,85,71,6.27,BR,1690417406
108,kirkwood,38.5834,-90.4068,34.21,50,40,7.72,US,1690417899
109,punta del este,-34.9667,-54.95,12.76,85,20,8.05,UY,1690417802
110,flin flon,54.7682,-101.865,11.9,91,100,5.39,CA,1690417596
111,utrik,11.2278,169.8474,28.34,78,100,8.49,MH,1690417578
112,udachny,66.4167,112.4,18.03,67,100,4.32,RU,1690417566
113,lethem,3.3803,-59.7968,24.57,91,100,0.89,GY,1690417899
114,petropavlovsk-kamchatsky,53.0452,158.6483,22.33,60,20,3.0,RU,1690417531
115,keflavik,64.0049,-22.5624,10.95,87,75,2.06,IS,1690417485
116,geraldton,-28.7667,114.6,9.23,100,40,3.6,AU,1690417900
117,afaahiti,-17.75,-149.2833,23.93,85,69,3.54,PF,1690417558
118,sinabang,2.4803,96.3801,27.21,79,98,1.02,ID,1690417900
119,kavaratti,10.5669,72.642,27.88,73,100,6.15,IN,1690417577
120,reggane,26.7158,0.1714,39.29,13,42,1.32,DZ,1690417900
121,kristiansund,63.1115,7.732,15.03,94,100,2.57,NO,1690417729
122,betioky,-23.7167,44.3833,12.63,74,0,3.18,MG,1690417900
123,port alfred,-33.5906,26.891,17.14,78,100,6.22,ZA,1690417578
124,mallasamudram,11.4833,78.0333,23.22,89,100,1.94,IN,1690417901
125,hithadhoo,-0.6,73.0833,28.2,78,35,7.36,MV,1690417597
126,odder,55.9731,10.153,14.09,89,99,4.77,DK,1690417901
127,uray,60.1247,64.7758,15.88,83,7,2.14,RU,1690417901
128,leo,11.1,-2.1,24.66,77,29,2.71,BF,1690417901
129,olonkinbyen,70.9221,-8.7187,4.71,90,100,5.03,SJ,1690417530
130,port mathurin,-19.6833,63.4167,23.72,78,74,7.19,MU,1690417539
131,st. john's,47.5649,-52.7093,21.66,74,75,10.29,CA,1690417545
132,ushuaia,-54.8,-68.3,0.81,69,0,3.6,AR,1690417539
133,carnarvon,-24.8667,113.6333,15.61,56,23,5.29,AU,1690417599
134,newman,37.3138,-121.0208,40.19,11,0,6.29,US,1690417572
135,namibe,-15.1961,12.1522,15.84,89,73,2.94,AO,1690417598
136,kushtagi,15.7667,76.2,21.13,95,100,7.49,IN,1690417902
137,mandal,25.45,74.5667,27.37,79,100,3.7,IN,1690417902
138,tacna,-18.0056,-70.2483,15.11,82,100,3.09,PE,1690417902
139,kiunga,-6.1219,141.2906,22.86,91,99,0.97,PG,1690417687
140,horta,38.5333,-28.6333,22.79,95,40,2.68,PT,1690417716
141,haiku-pauwela,20.9219,-156.3051,30.65,62,40,11.32,US,1690417537
142,lompoc,34.6391,-120.4579,22.74,82,100,4.47,US,1690417563
143,blackmans bay,-43.0167,147.3167,11.4,82,98,2.1,AU,1690417539
144,saipan,15.1355,145.701,27.39,100,75,7.2,MP,1690417564
145,necochea,-38.5473,-58.7368,8.7,74,100,7.27,AR,1690417885
146,siddipet,18.1,78.85,22.93,94,100,8.04,IN,1690417903
147,tralee,52.2704,-9.7026,15.73,98,100,3.42,IE,1690417903
148,aasiaat,68.7098,-52.8699,3.29,93,29,3.7,GL,1690417556
149,caucete,-31.6518,-68.2811,11.44,52,58,0.75,AR,1690417904
150,polyarnyy,69.1989,33.4478,10.08,97,100,1.27,RU,1690417605
151,fortuna,40.5982,-124.1573,19.95,70,0,7.2,US,1690417904
152,camana,-16.6228,-72.7111,17.24,87,71,3.19,PE,1690417599
153,gamba,-2.65,10.0,20.64,96,35,1.66,GA,1690417904
154,puerto ayora,-0.7393,-90.3518,24.75,93,88,3.13,EC,1690417533
155,hasaki,35.7333,140.8333,32.94,74,14,4.67,JP,1690417906
156,talnakh,69.4865,88.3972,22.34,61,50,2.4,RU,1690417559
157,kantunilkin,21.0917,-87.45,28.29,70,1,2.69,MX,1690417907
158,alaghsas,17.0187,8.0168,31.58,36,55,2.88,NE,1690417569
159,iqaluit,63.7506,-68.5145,7.85,81,40,1.03,CA,1690417551
160,nouadhibou,20.931,-17.0347,22.58,76,88,12.21,MR,1690417588
161,sidi ifni,29.3797,-10.173,19.35,88,53,4.97,MA,1690417908
162,tofol,5.3248,163.0078,30.88,70,75,4.12,FM,1690417908
163,portland,45.5234,-122.6762,29.75,34,40,5.66,US,1690417251
164,mount pearl,47.5166,-52.7813,21.19,74,75,10.29,CA,1690417585
165,novyy urengoy,66.0833,76.6333,19.88,67,61,2.4,RU,1690417600
166,howard springs,-12.497,131.047,23.79,29,78,2.77,AU,1690417581
167,kon tum,14.35,108.0,23.28,95,93,1.0,VN,1690417909
168,madang,-5.2246,145.7966,30.4,55,58,0.61,PG,1690417909
169,kailua-kona,19.6406,-155.9956,29.98,80,75,6.17,US,1690417909
170,kangundo,-1.2979,37.3471,11.55,90,46,1.05,KE,1690417909
171,carthage,36.8611,10.3316,24.74,65,0,3.6,TN,1690417749
172,anadyr,64.75,177.4833,12.28,87,75,6.0,RU,1690417548
173,vila franca do campo,37.7167,-25.4333,20.23,84,21,2.0,PT,1690417726
174,suntar,62.1444,117.6319,18.12,58,100,3.82,RU,1690417910
175,amungan,15.3652,119.9582,27.44,88,100,8.79,PH,1690417910
176,brisas de zicatela,15.8369,-97.0419,30.29,58,100,3.09,MX,1690417910
177,tevriz,57.509,72.4042,14.95,89,67,1.89,RU,1690417590
178,chonchi,-42.6128,-73.8092,7.84,97,100,0.89,CL,1690417578
179,atafu village,-8.5421,-172.5159,28.58,74,56,8.09,TK,1690417542
180,hamilton,39.1834,-84.5333,30.34,70,75,7.2,US,1690417415
181,okha,53.5739,142.9478,14.04,96,100,1.98,RU,1690417911
182,alofi,-19.0595,-169.9187,23.94,69,73,2.06,NU,1690417570
183,daru,-9.0763,143.2092,26.17,81,40,7.78,PG,1690417833
184,callington,50.5015,-4.3131,16.6,98,100,2.24,GB,1690417911
185,contamana,-7.3333,-75.0167,27.02,60,75,1.25,PE,1690417911
186,meadow lakes,61.6247,-149.6011,21.09,69,100,0.89,US,1690417912
187,kirando,-7.4167,30.6,21.12,48,87,3.39,TZ,1690417912
188,noumea,-22.2763,166.4572,22.22,99,90,8.0,NC,1690417569
189,conceicao da barra,-18.5933,-39.7322,20.35,82,2,1.75,BR,1690417912
190,ailuk,10.2197,169.9797,28.16,79,100,7.51,MH,1690417912
191,menongue,-14.6585,17.691,12.57,42,5,1.86,AO,1690417562
192,iskateley,67.6803,53.1512,16.96,70,92,1.26,RU,1690417552
193,isafjordur,66.0755,-23.124,7.12,85,84,4.64,IS,1690417492
194,ust-tsilma,65.441,52.1498,14.51,87,100,1.41,RU,1690417913
195,chadron,42.8294,-102.9999,37.82,14,0,2.57,US,1690417634
196,dzuunharaa,48.8523,106.4579,19.36,70,50,1.73,MN,1690417913
197,uturoa,-16.7333,-151.4333,25.66,84,57,4.45,PF,1690417563
198,nar'yan-mar,67.6713,53.087,17.03,68,93,1.37,RU,1690417556
199,butterworth,5.3991,100.3638,27.02,94,40,1.03,MY,1690417914
200,labytnangi,66.6572,66.4183,16.61,88,98,4.89,RU,1690417914
201,katsuura,35.1333,140.3,28.62,72,12,3.43,JP,1690417914
202,mbalmayo,3.5167,11.5,20.41,98,100,2.01,CM,1690417914
203,changuinola,9.4333,-82.5167,23.93,86,100,0.45,PA,1690417915
204,richards bay,-28.783,32.0377,18.08,67,0,8.14,ZA,1690417475
205,letterkenny,54.95,-7.7333,15.38,99,100,2.23,IE,1690417915
206,qashar,53.3906,62.9297,17.88,78,23,2.88,KZ,1690417915
207,selfoss,63.9331,-20.9971,10.58,73,100,4.05,IS,1690417915
208,cannonvale,-20.2833,148.7,20.66,64,100,8.91,AU,1690417915
209,san pedro de ycuamandiyu,-24.0917,-57.0764,18.43,69,5,1.98,PY,1690417916
210,wailua homesteads,22.0669,-159.378,29.44,72,20,6.17,US,1690417542
211,sao jose da coroa grande,-8.8978,-35.1478,23.37,85,39,2.67,BR,1690417916
212,ambilobe,-13.2,49.05,18.17,85,0,1.5,MG,1690417916
213,vorgashor,67.5833,63.95,13.23,96,100,2.84,RU,1690417529
214,suva,-18.1416,178.4415,20.71,94,100,2.57,FJ,1690417916
215,arraial do cabo,-22.9661,-42.0278,21.23,86,58,9.83,BR,1690417548
216,luanda,-8.8368,13.2343,21.0,88,75,3.6,AO,1690417602
217,el granada,37.5027,-122.4694,30.51,82,100,8.75,US,1690417839
218,saguenay,48.4168,-71.0657,24.46,60,75,3.09,CA,1690417835
219,assab,13.0092,42.7394,32.69,61,57,2.6,ER,1690417917
220,manismata,-2.4667,111.0333,25.91,78,17,2.08,ID,1690417890
221,thames,-37.1333,175.5333,12.79,84,62,5.74,NZ,1690417917
222,juneau,58.3019,-134.4197,17.0,100,100,4.63,US,1690417681
223,beaufort west,-32.3567,22.583,9.25,80,0,1.88,ZA,1690417918
224,piti village,13.4626,144.6933,26.05,92,100,6.8,GU,1690417918
225,tsiombe,-25.3,45.4833,17.91,58,0,5.72,MG,1690417581
226,anloga,5.7947,0.8973,24.72,92,96,4.06,GH,1690417918
227,bulungu,-4.55,18.6,24.38,47,7,2.38,CD,1690417918
228,mount isa,-20.7333,139.5,21.87,64,40,5.66,AU,1690417918
229,kismayo,-0.3582,42.5454,24.35,81,88,6.59,SO,1690417579
230,savalou,7.9281,1.9756,22.96,97,88,2.46,BJ,1690417919
231,qarqaraly,49.4058,75.4742,21.01,55,100,3.95,KZ,1690417919
232,egilsstadir,65.2653,-14.3948,6.95,93,75,5.14,IS,1690417487
233,manturovo,58.3353,44.7619,17.57,99,52,3.05,RU,1690417919
234,orkney,-26.9802,26.6727,11.1,59,0,4.54,ZA,1690417578
235,marka,1.7159,44.7717,24.24,85,92,7.13,SO,1690417599
236,zapala,-38.8992,-70.0544,4.02,62,100,1.91,AR,1690417701
237,sorong,-0.8833,131.25,27.84,74,17,5.68,ID,1690417920
238,tulagi,-9.0996,160.1476,27.75,80,100,9.35,SB,1690417920
239,kindu,-2.95,25.95,21.28,44,59,1.31,CD,1690417920
240,toamasina,-18.1667,49.3833,18.82,81,70,5.61,MG,1690417920
241,al hudaydah,14.7978,42.9545,31.75,52,71,4.58,YE,1690417920
242,gebeit,21.0667,36.3167,31.64,30,50,5.71,SD,1690417602
243,charters towers,-20.1,146.2667,20.06,59,97,7.06,AU,1690417920
244,bocana de paiwas,12.7857,-85.1227,24.41,88,100,2.48,NI,1690417920
245,bayanhongor,46.7167,100.1167,14.01,47,33,0.5,MN,1690417587
246,sale,34.0389,-6.8166,22.38,73,75,1.54,MA,1690417921
247,lisala,2.15,21.5167,22.24,86,100,1.2,CD,1690417921
248,bardai,11.65,7.2333,23.35,82,94,4.26,NG,1690417580
249,ekenas,59.9736,23.4339,16.61,96,24,2.68,FI,1690417921
250,espumoso,-28.7247,-52.8497,13.68,88,82,4.08,BR,1690417921
251,kharp,66.8014,65.8081,16.05,88,100,2.18,RU,1690417592
252,waingapu,-9.6567,120.2641,24.28,67,44,3.18,ID,1690417599
253,kavalerovo,44.2661,135.0572,30.58,49,24,2.32,RU,1690417906
254,villa gesell,-37.2639,-56.973,8.36,81,39,10.62,AR,1690417585
255,dunay,42.8803,132.3375,22.02,89,36,1.51,RU,1690417922
256,coquimbo,-29.9533,-71.3436,13.85,88,0,3.09,CL,1690417396
257,novaya mayna,54.15,49.75,19.6,66,35,3.32,RU,1690417922
258,lamu,-2.2717,40.902,23.12,82,72,6.14,KE,1690417547
259,happy valley-goose bay,53.3168,-60.3315,24.17,43,75,1.03,CA,1690417547
260,pariaman,-0.619,100.12,25.03,81,99,1.18,ID,1690417546
261,alice springs,-23.7,133.8833,18.75,55,100,2.06,AU,1690417545
262,tenabo,20.05,-90.2333,24.0,60,100,3.88,MX,1690417923
263,beihai,21.4833,109.1,30.79,72,69,5.04,CN,1690417923
264,vilyuchinsk,52.9306,158.4028,23.15,75,100,2.09,RU,1690417567
265,fale old settlement,-9.3852,-171.2468,28.51,73,14,8.3,TK,1690417571
266,fort mcmurray,56.7268,-111.381,17.77,77,75,5.66,CA,1690417381
267,aykhal,66.0,111.5,16.01,66,100,4.03,RU,1690417576
268,la passe,45.5549,-0.8967,19.43,93,2,2.72,FR,1690417542
269,fisterra,42.9049,-9.2629,19.3,84,22,5.62,ES,1690417544
270,baraut,29.1,77.2667,25.84,91,100,2.41,IN,1690417924
271,isoka,-10.1606,32.6335,10.3,74,39,0.44,ZM,1690417924
272,khrenovoye,51.12,40.2889,21.93,61,89,3.74,RU,1690417924
273,belyy yar,53.6039,91.3903,14.94,94,7,0.0,RU,1690417538
274,shitanjing,39.2342,106.3439,25.52,45,100,0.5,CN,1690417928
275,northam,51.0333,-4.2167,18.14,99,100,9.5,GB,1690417545
276,saint-joseph,-21.3667,55.6167,19.21,83,41,4.12,RE,1690417610
277,bhamo,24.2667,97.2333,24.02,99,100,0.17,MM,1690417930
278,kone,-21.0595,164.8658,24.1,39,0,3.97,NC,1690417930
279,kalabo,-14.97,22.6814,12.75,49,0,2.47,ZM,1690417930
280,ormara,25.2088,64.6357,28.31,87,100,3.1,PK,1690417931
281,sisimiut,66.9395,-53.6735,6.5,81,41,1.38,GL,1690417542
282,malango,-2.9627,119.9001,23.23,76,24,0.89,ID,1690417931
283,mejit,10.2753,170.8646,28.24,79,100,7.5,MH,1690417609
284,mazouna,36.1223,0.8987,28.92,60,6,1.41,DZ,1690417931
285,palangkaraya,-2.2,113.8333,24.14,85,72,1.16,ID,1690417770
286,tacuarembo,-31.7333,-55.9833,8.21,91,3,2.72,UY,1690417932
287,weno,7.4515,151.8468,28.2,74,50,2.18,FM,1690417545
288,buka,40.8108,69.1986,26.96,19,3,3.59,UZ,1690417932
289,salinopolis,-0.6136,-47.3561,26.45,81,97,4.94,BR,1690417932
290,khovd,48.0056,91.6419,21.01,35,70,1.08,MN,1690417533
291,jumla,29.2747,82.1838,17.35,97,100,0.65,NP,1690417933
292,juhaynah,26.6732,31.4976,32.64,18,55,3.63,EG,1690417933
293,drahichyn,52.1874,25.1597,12.65,92,100,6.9,BY,1690417933
294,selebi-phikwe,-21.979,27.8498,12.27,71,2,3.91,BW,1690417933
295,mont-dore,-22.2833,166.5833,22.78,99,37,6.77,NC,1690417933
296,altos,-5.0381,-42.46,27.17,39,27,1.85,BR,1690417934
297,eraan,9.0629,117.7016,29.49,68,76,5.21,PH,1690417934
298,axim,4.8699,-2.2405,24.45,92,100,2.64,GH,1690417906
299,arinos,-15.9169,-46.1056,20.2,40,0,0.57,BR,1690417934
300,salalah,17.0151,54.0924,25.05,88,100,4.12,OM,1690417910
301,tampere,61.4991,23.7871,15.65,96,0,1.54,FI,1690417935
302,xiva,41.3783,60.3639,28.99,34,99,5.85,UZ,1690417935
303,castillos,-34.1667,-53.8333,10.1,79,38,6.57,UY,1690417544
304,amga,60.8953,131.9608,20.66,56,93,1.57,RU,1690417553
305,acatlan de osorio,18.2,-98.05,25.47,45,26,6.57,MX,1690417935
306,taman',45.2117,36.7161,24.14,67,0,3.33,RU,1690417934
307,kolonia town,6.964,158.206,31.06,70,40,5.14,FM,1690417893
308,labasa,-16.4167,179.3833,23.23,87,100,3.61,FJ,1690417935
309,nadym,65.5333,72.5167,19.83,75,16,3.19,RU,1690417936
310,castro,-24.7911,-50.0119,15.14,81,91,1.33,BR,1690417936
311,tynda,55.1667,124.7167,21.34,73,34,1.07,RU,1690417542
312,williams lake,52.1415,-122.1445,24.47,41,75,1.79,CA,1690417936
313,giddalur,15.35,78.9167,23.28,90,100,10.21,IN,1690417936
314,devils lake,48.1128,-98.8651,31.99,35,20,3.09,US,1690417937
315,taro,-8.3862,115.28,20.0,73,74,1.83,ID,1690417937
316,acarau,-2.8856,-40.12,26.01,81,35,7.82,BR,1690417589
317,sarykemer,43.0,71.5,24.71,27,0,3.45,KZ,1690417937
318,kahta,37.7855,38.6237,28.65,23,0,1.62,TR,1690417937
319,clodomira,-27.5744,-64.1311,13.67,53,92,2.64,AR,1690417937
320,nogliki,51.8333,143.1667,16.55,97,100,4.5,RU,1690417938
321,kuanda,56.3161,116.0806,23.74,62,73,0.36,RU,1690417938
322,kostomuksha,64.571,30.5767,11.21,93,34,0.64,RU,1690417938
323,alice town,25.7167,-79.3,27.99,78,100,10.45,BS,1690417938
324,peterhead,57.5058,-1.7981,13.22,82,33,6.36,GB,1690417938
325,borogontsy,62.6683,131.1683,21.42,41,25,2.51,RU,1690417939
326,aras-asan,8.8908,126.3033,28.93,69,100,3.65,PH,1690417939
327,sarina,-21.4333,149.2167,22.56,61,62,6.17,AU,1690417939
328,totness,5.8833,-56.3167,25.83,89,11,3.57,SR,1690417939
329,brooks,50.5834,-111.8851,26.99,22,0,2.57,CA,1690417381
330,yangambi,0.8102,24.4336,22.02,95,100,0.93,CD,1690417940
331,hermanus,-34.4187,19.2345,12.03,82,3,2.98,ZA,1690417539
332,cozumel,20.5083,-86.9458,31.04,82,75,5.14,MX,1690417643
333,lycksele,64.5954,18.6735,11.93,100,100,0.0,SE,1690417940
334,macusani,-14.0833,-70.4333,1.25,89,52,2.69,PE,1690417940
335,khorixas,-20.3667,14.9667,14.78,39,56,1.03,NA,1690417940
336,batken,39.8333,71.0,19.93,34,0,1.91,KG,1690417940
337,narrabri,-30.3167,149.7833,16.4,60,0,0.45,AU,1690417941
338,hadibu,12.65,54.0333,25.09,81,32,10.93,YE,1690417531
339,khandyga,62.6667,135.6,20.44,36,0,5.26,RU,1690417560
340,nantucket,41.2835,-70.0995,24.44,94,0,3.6,US,1690417710
341,igrim,63.1906,64.4162,14.53,97,100,1.59,RU,1690417599
342,itoman,26.1247,127.6694,29.21,79,100,4.63,JP,1690417604
343,mili,6.0815,171.735,28.28,74,19,4.36,MH,1690417934
344,gangneung,37.7556,128.8961,31.31,60,49,1.13,KR,1690417942
345,sitka,57.0531,-135.33,15.94,82,100,2.57,US,1690417531
346,touros,-5.1989,-35.4608,24.43,85,15,5.88,BR,1690417601
347,puerto baquerizo moreno,-0.9,-89.6,24.25,79,73,5.47,EC,1690417566
348,dauphin,51.1494,-100.0502,28.08,30,0,8.75,CA,1690417928
349,sarmiento,-45.5882,-69.07,1.99,52,100,2.46,AR,1690417774
350,laguna,38.421,-121.4238,38.08,32,0,7.2,US,1690417575
351,zelenogorskiy,55.0333,87.0,17.99,73,64,1.11,RU,1690417943
352,neryungri,56.6709,124.6491,22.68,63,20,2.09,RU,1690417943
353,aban,56.67,96.06,18.16,84,74,2.79,RU,1690417943
354,puerto el triunfo,13.2833,-88.55,28.4,74,89,1.97,SV,1690417944
355,kargasok,59.0556,80.8572,16.83,89,17,2.94,RU,1690417831
356,merelani,-3.5618,36.979,19.82,73,75,2.57,TZ,1690417945
357,madinat ash shamal,26.1293,51.2009,32.58,70,97,1.7,QA,1690417818
358,hami,42.8,93.45,32.83,11,0,4.05,CN,1690417945
359,sao geraldo do araguaia,-6.4006,-48.555,25.63,43,31,0.87,BR,1690417897
360,merizo village,13.2658,144.6691,25.88,97,100,7.61,GU,1690417607
361,siwa oasis,29.2041,25.5195,30.29,29,5,3.2,EG,1690417946
362,babayevo,59.3936,35.9371,12.24,98,13,2.26,RU,1690417946
363,fayetteville,35.0527,-78.8784,30.28,74,75,4.63,US,1690417946
364,baukau,51.5526,7.2042,17.25,71,100,2.68,DE,1690417946
365,zhob,31.3411,69.4481,23.75,76,15,0.78,PK,1690417946
366,sungai raya,0.7,108.9,26.04,81,91,4.58,ID,1690417556
367,penzance,50.1186,-5.5371,16.38,96,100,11.63,GB,1690417587
368,ulladulla,-35.35,150.4667,17.6,34,0,2.71,AU,1690417947
369,al qadarif,14.0349,35.3834,24.05,80,100,4.33,SD,1690417947
370,knyaze-volkonskoye,48.4642,135.4567,28.19,50,22,5.81,RU,1690417947
371,iwaki,37.05,140.8833,33.76,62,6,2.24,JP,1690417947
372,pithoro,25.5167,69.3833,29.1,77,96,6.17,PK,1690417948
373,east london,-33.0153,27.9116,18.07,69,100,7.27,ZA,1690417948
374,vila do maio,15.1333,-23.2167,27.44,83,100,5.54,CV,1690417948
375,undurkhaan,47.3194,110.6556,18.54,56,1,1.85,MN,1690417610
376,malinyi,-8.9333,36.1333,18.51,56,88,0.66,TZ,1690417948
377,turpan,42.9333,89.1667,36.62,11,1,0.39,CN,1690417550
378,santana,-0.0583,-51.1817,25.1,100,75,1.03,BR,1690417948
379,oum hadjer,13.2954,19.6966,27.28,65,100,5.82,TD,1690417949
380,flying fish cove,-10.4217,105.6791,24.81,78,41,8.82,CX,1690417570
381,nica,43.7031,7.2661,22.89,45,0,2.06,FR,1690417949
382,yarmouth,41.7057,-70.2286,25.0,82,0,4.12,US,1690417594
383,cidreira,-30.1811,-50.2056,16.18,84,100,6.8,BR,1690417885
384,shalya,57.2471,58.7298,13.26,93,82,0.89,RU,1690417949
385,kalmunai,7.4167,81.8167,26.42,75,100,2.74,LK,1690417547
386,sao jose de ribamar,-2.5619,-44.0542,27.21,80,5,5.21,BR,1690417950
387,kulsheim,49.6697,9.5225,13.81,88,100,2.18,DE,1690417950
388,papao,-17.75,-149.55,24.82,86,52,3.28,PF,1690417950
389,grove city,39.8815,-83.093,30.29,73,40,6.17,US,1690417403
390,baturaja,-4.1333,104.1667,23.82,92,92,1.17,ID,1690417950
391,vylkove,45.4021,29.586,21.81,79,100,6.87,UA,1690417950
392,mumbwa,-14.9783,27.0619,14.13,70,0,3.32,ZM,1690417951
393,omsk,55.0,73.4,15.94,82,0,0.0,RU,1690417873
394,nyrob,60.733,56.7202,12.04,88,21,1.19,RU,1690417951
395,magumeri,12.1131,12.8274,28.68,52,100,4.31,NG,1690417951
396,mahina,-17.5065,-149.489,24.87,88,75,4.12,PF,1690417951
397,bakanas,44.8081,76.2772,31.11,20,4,1.34,KZ,1690417952
398,franca,-20.5386,-47.4008,17.08,46,0,1.74,BR,1690417952
399,nishinoomote,30.7333,131.0,29.31,89,75,5.66,JP,1690417579
400,cockburn town,21.4612,-71.1419,28.63,84,97,9.44,TC,1690417600
401,xinyu,27.8043,114.9334,28.31,82,100,3.87,CN,1690417952
402,sa'dah,16.9402,43.7639,23.39,29,67,1.99,YE,1690417952
403,basco,20.4487,121.9702,29.5,74,100,16.25,PH,1690417896
404,jining,35.405,116.5814,28.71,66,25,2.68,CN,1690417953
405,caleta de carquin,-11.0925,-77.6267,19.68,80,51,4.46,PE,1690417904
406,dullewala,31.8359,71.4362,32.91,55,6,0.71,PK,1690417953
407,fuerte olimpo,-21.0415,-57.8738,23.03,52,97,1.93,PY,1690417953
408,saudarkrokur,65.7461,-19.6394,7.81,91,32,2.91,IS,1690417923
409,aswan,24.0934,32.907,33.07,15,100,2.75,EG,1690417933
410,logrono,42.4667,-2.45,17.72,77,0,1.54,ES,1690417955
411,hendersonville,36.3048,-86.62,30.25,74,46,0.45,US,1690417954
412,nizhneudinsk,54.9076,99.0276,16.8,91,100,1.3,RU,1690417549
413,kapuskasing,49.4169,-82.4331,22.05,68,40,0.51,CA,1690417562
414,pelaya,8.6882,-73.6645,25.42,85,67,0.62,CO,1690417956
415,lazaro cardenas,17.9583,-102.2,30.58,63,28,4.03,MX,1690417549
416,chinde,26.8418,88.0763,18.57,87,99,1.58,NP,1690417592
417,paide,58.8856,25.5572,9.91,98,100,2.13,EE,1690417956
418,urangan,-25.3,152.9,19.0,84,91,6.92,AU,1690417929
419,gornozavodsk,58.3758,58.3211,12.31,94,87,0.58,RU,1690417956
420,nyaunglebin,17.95,96.7333,26.11,89,37,0.93,MM,1690417957
421,saint-francois,46.4154,3.9054,16.69,72,53,2.06,FR,1690417595
422,ad dabbah,18.05,30.95,33.93,37,98,7.72,SD,1690417957
423,el calafate,-50.3408,-72.2768,-3.73,71,100,0.58,AR,1690417957
424,errachidia,31.9275,-4.4285,34.03,10,0,1.03,MA,1690417957
425,al bayda',32.7627,21.7551,25.58,42,0,3.85,LY,1690417957
426,nova sintra,14.8667,-24.7167,23.15,85,73,6.45,CV,1690417568
427,qaqortoq,60.7167,-46.0333,6.67,84,95,1.68,GL,1690417542
428,bata,1.8639,9.7658,24.9,87,90,4.43,GQ,1690417665
429,zuni pueblo,35.0725,-108.8506,31.35,49,100,1.72,US,1690417958
430,ulanhot,46.0833,122.0833,25.81,68,100,3.03,CN,1690417958
431,romanovka,51.7443,42.7527,22.19,51,100,4.06,RU,1690417958
432,rongelap,11.1635,166.8941,28.26,80,99,8.02,MH,1690417555
433,biltine,14.5333,20.9167,27.96,60,100,6.25,TD,1690417959
434,spas-demensk,54.4122,34.0226,14.45,98,65,1.86,RU,1690417959
435,al fuwayliq,26.4432,43.2534,29.37,15,33,5.6,SA,1690417959
436,kazlu ruda,54.7667,23.5,13.99,82,100,2.04,LT,1690417959
437,howrah,22.5892,88.3103,27.0,94,40,2.57,IN,1690417598
438,st. catharines,43.1668,-79.2496,27.68,89,100,5.66,CA,1690417815
439,emerald,-23.5333,148.1667,18.52,62,100,6.03,AU,1690417822
440,pacocha,-17.5833,-71.3333,16.8,86,72,0.85,PE,1690417960
441,monclova,26.9,-101.4167,37.71,35,40,4.12,MX,1690417957
442,iquique,-20.2208,-70.1431,18.02,84,15,0.45,CL,1690417554
443,nemuro,43.3236,145.575,18.28,95,76,1.75,JP,1690417584
444,mahdia,35.5047,11.0622,26.97,60,0,7.32,TN,1690417960
445,san felipe,10.3399,-68.7425,24.04,88,25,2.14,VE,1690417877
446,tocopilla,-22.092,-70.1979,17.19,77,31,2.3,CL,1690417914
447,susuman,62.7833,148.1667,9.87,84,100,2.6,RU,1690417885
448,anna regina,7.2644,-58.5077,26.05,87,17,2.77,GY,1690417594
449,manuguru,17.981,80.7547,25.15,95,100,2.62,IN,1690417961
450,aral,40.5156,81.2636,30.07,27,2,0.71,CN,1690417961
451,harper,4.375,-7.7169,24.62,89,100,4.02,LR,1690417961
452,taybad,34.74,60.7756,28.22,41,0,9.27,IR,1690417671
453,luumaki,60.9262,27.5814,15.03,95,100,1.54,FI,1690417961
454,queenstown,-31.8976,26.8753,10.21,86,100,1.55,ZA,1690417834
455,kanniyakumari,8.0833,77.5667,25.87,80,100,6.64,IN,1690417962
456,dunedin,-45.8742,170.5036,5.26,90,99,11.04,NZ,1690417560
457,winchester,51.0651,-1.3187,16.49,95,100,4.63,GB,1690417962
458,thinadhoo,0.5333,72.9333,28.74,77,100,6.12,MV,1690417826
459,gokcebey,41.3058,32.1423,24.58,43,0,3.46,TR,1690417962
460,bni bouayach,35.1022,-3.841,22.31,68,0,0.51,MA,1690417962
461,talara,-4.5772,-81.2719,23.42,83,0,6.17,PE,1690417963
462,wynyard,-41.0,145.7167,12.17,79,100,3.34,AU,1690417916
463,awjilah,29.1081,21.2869,32.54,18,0,5.08,LY,1690417574
464,las khorey,11.1595,48.1967,31.01,50,37,6.45,SO,1690417963
465,maumere,-8.6199,122.2111,24.47,74,21,2.88,ID,1690417546
466,samalut,28.3121,30.7101,30.48,37,8,5.92,EG,1690417963
467,port macquarie,-31.4333,152.9167,19.38,57,0,2.65,AU,1690417941
468,yartsevo,55.0667,32.6964,13.37,95,94,0.78,RU,1690417963
469,sao tome,0.3365,6.7273,24.1,88,80,4.13,ST,1690417964
470,ciudad constitucion,25.0369,-111.6644,32.23,34,11,6.81,MX,1690417964
471,sos'va,59.1766,61.8558,13.6,90,22,1.7,RU,1690417964
472,namdrik,5.5994,168.1028,27.73,76,94,1.27,MH,1690417964
473,luwuk,-0.9516,122.7875,27.09,76,85,3.37,ID,1690417964
474,nuuk,64.1835,-51.7216,5.34,100,100,5.66,GL,1690417577
475,sechura,-5.5569,-80.8222,23.35,69,64,7.78,PE,1690417607
476,terra santa,-2.1042,-56.4869,26.68,54,4,0.97,BR,1690417965
477,gadzhiyevo,69.2551,33.3362,9.99,96,100,1.22,RU,1690417551
478,colonia,50.9333,6.95,17.76,70,0,4.12,DE,1690417345
479,dolisie,-4.1997,12.6739,19.77,88,10,1.4,CG,1690417965
480,mossel bay,-34.1831,22.146,12.96,80,42,2.22,ZA,1690417965
481,gargalianoi,37.0667,21.6333,25.34,86,0,4.18,GR,1690417965
482,slavyanka,42.8633,131.3847,25.22,78,11,1.63,RU,1690417965
483,kerikeri,-35.2268,173.9474,15.51,80,81,1.79,NZ,1690417595
484,trondheim,63.4305,10.3951,16.07,92,42,0.46,NO,1690417966
485,taoudenni,22.6783,-3.9836,38.42,22,34,4.44,ML,1690417966
486,beloomut,54.9448,39.3394,17.27,94,81,2.44,RU,1690417966
487,broken hill,-31.95,141.4333,17.7,35,2,9.36,AU,1690417966
488,al mijlad,11.0333,27.7333,23.52,82,100,4.37,SD,1690417966
489,viedma,-40.8135,-62.9967,4.62,72,98,3.14,AR,1690417902
490,sinop,41.7711,34.8709,22.81,42,0,4.99,TR,1690417967
491,wamba,8.9333,8.6,23.05,87,100,1.91,NG,1690417967
492,mirny,62.5353,113.9611,17.91,63,15,3.13,RU,1690417967
493,lata,40.1629,-8.3327,17.26,94,76,1.63,PT,1690417921
494,takoradi,4.8845,-1.7554,24.27,94,75,3.01,GH,1690417768
495,kaohsiung,22.6163,120.3133,26.69,90,75,0.89,TW,1690417735
496,gillette,44.2911,-105.5022,35.06,13,0,1.79,US,1690417772
497,adrar,20.5022,-10.0711,36.74,9,23,11.52,MR,1690417946
498,afif,23.9065,42.9172,28.23,18,26,4.67,SA,1690417969
499,nabire,-3.3667,135.4833,27.86,75,97,1.74,ID,1690417600
500,faya-largeau,17.9257,19.1043,32.53,11,5,3.23,TD,1690417940
501,tisul',55.7611,88.3122,20.39,62,9,1.65,RU,1690417969
502,chukhloma,58.7525,42.6825,16.73,99,95,2.22,RU,1690417969
503,kirkwall,58.9848,-2.9587,9.98,87,20,2.57,GB,1690417875
504,mount gambier,-37.8333,140.7667,11.14,64,2,5.31,AU,1690417462
505,igarka,67.4667,86.5833,21.36,74,0,4.31,RU,1690417970
506,capinota,-17.7167,-66.2333,18.67,65,0,2.24,BO,1690417970
507,mapastepec,15.4333,-92.9,27.66,78,31,1.01,MX,1690417970
508,abeche,13.8292,20.8324,26.44,70,99,6.31,TD,1690417970
509,zaragoza,41.6561,-0.8773,23.22,50,0,2.57,ES,1690417610
510,saldanha,-33.0117,17.9442,8.03,94,57,5.19,ZA,1690417556
511,millington,35.3415,-89.8973,30.27,79,0,2.06,US,1690417970
512,paveh,35.0434,46.3565,21.07,24,0,1.91,IR,1690417971
513,santa marta,11.2408,-74.199,29.38,77,75,2.06,CO,1690417971
514,jayapura,-2.5333,140.7,26.66,90,100,1.99,ID,1690417588
515,nadi,-17.8,177.4167,21.0,94,100,2.57,FJ,1690417913
516,fort bragg,35.139,-79.006,32.32,73,66,0.89,US,1690417533
517,lae,-6.7221,146.9847,24.37,56,58,0.49,PG,1690417971
518,namp'o,38.7375,125.4078,25.97,85,100,2.14,KP,1690417971
519,santona,43.4439,-3.4576,20.04,91,2,1.44,ES,1690417939
520,port saint john's,-31.6229,29.5448,18.61,58,50,9.29,ZA,1690417917
521,mitu,1.1983,-70.1733,24.48,85,100,0.84,CO,1690417972
522,carauari,-4.8828,-66.8958,26.82,63,93,0.94,BR,1690417910
523,lerwick,60.1545,-1.1494,10.0,86,4,1.68,GB,1690417543
524,ballina,-28.8667,153.5667,17.66,51,35,1.57,AU,1690417972
525,phalodi,27.1333,72.3667,30.34,70,100,2.98,IN,1690417972
526,guiyang,26.5833,106.7167,23.27,88,20,1.0,CN,1690417903
527,lishu,43.3047,124.3278,26.6,77,99,7.47,CN,1690417973
528,timmins,48.4669,-81.3331,21.9,73,100,2.57,CA,1690417803
529,saynshand,44.8824,110.1163,25.03,33,6,5.47,MN,1690417973
530,male,4.1748,73.5089,28.97,89,75,2.57,MV,1690417973
531,callao,-12.0667,-77.15,19.84,82,100,5.14,PE,1690417668
532,bria,6.5423,21.9863,21.0,94,100,0.95,CF,1690417974
533,kamaishi,39.2667,141.8833,28.1,67,23,1.0,JP,1690417974
534,alto barinas,8.5931,-70.2261,24.09,90,99,0.93,VE,1690417974
535,pan de azucar,-34.8,-55.2333,12.6,85,20,5.66,UY,1690417974
536,drayton valley,53.2168,-114.9854,11.3,88,100,8.18,CA,1690417842
537,stephenville,32.2207,-98.2023,38.07,24,0,3.09,US,1690417579
538,freetown,8.484,-13.2299,26.84,89,75,3.09,SL,1690417974
539,yeppoon,-23.1333,150.7333,19.88,67,43,7.22,AU,1690417975
540,"laikit, laikit ii (dimembe)",1.4792,124.9735,28.47,62,20,5.66,ID,1690417975
541,prieska,-29.6641,22.7474,6.99,56,0,1.02,ZA,1690417975
542,as sulaymaniyah,35.5611,45.4375,20.24,30,0,2.06,IQ,1690417975
543,skovorodino,53.9833,123.9167,25.0,55,100,2.8,RU,1690417975
544,chelghoum el aid,36.1629,6.1665,23.32,66,0,1.65,DZ,1690417975
545,new norfolk,-42.7826,147.0587,12.06,76,100,1.52,AU,1690417561
546,wakkanai,45.4094,141.6739,23.99,88,75,6.17,JP,1690417976
547,chipiona,36.7366,-6.437,21.12,88,0,2.57,ES,1690417976
548,san patricio,28.017,-97.5169,33.43,55,1,7.52,US,1690417552
549,port blair,11.6667,92.75,27.02,89,40,3.09,IN,1690417977
550,karasu,41.071,30.7854,28.66,37,3,1.54,TR,1690417977
551,mar del plata,-38.0023,-57.5575,10.05,86,40,8.05,AR,1690417300
552,sinjai,-5.1241,120.253,26.6,75,14,1.61,ID,1690417978
553,muravlenko,63.7898,74.523,18.38,72,29,2.92,RU,1690417552
554,petauke,-14.2426,31.3253,14.79,78,0,4.04,ZM,1690417978
555,greenland,43.0362,-70.8328,27.19,76,75,2.57,US,1690417509
556,lorengau,-2.0226,147.2712,28.6,78,100,6.31,PG,1690417846
557,le lavandou,43.137,6.366,23.9,32,37,4.63,FR,1690417978
558,saint-pierre,-21.3393,55.4781,19.82,83,75,2.57,RE,1690417552
559,koh kong,11.6175,102.9806,27.81,85,100,5.42,KH,1690417979
560,san jose,37.3394,-121.895,33.09,47,20,15.2,US,1690417351
561,verkhnevilyuysk,63.4453,120.3167,19.76,40,100,2.52,RU,1690417979
562,kamensk-ural'skiy,56.4185,61.9329,15.2,87,0,2.77,RU,1690417979
563,mount pleasant,32.7941,-79.8626,29.44,79,0,2.24,US,1690417425
564,baker city,44.7749,-117.8344,29.84,26,0,7.72,US,1690417971
565,hafar al-batin,28.4328,45.9708,33.32,17,0,2.57,SA,1690417980
566,castiglione del lago,43.1271,12.0453,19.0,82,1,1.28,IT,1690417980
567,vanimo,-2.6741,141.3028,25.36,92,100,0.83,PG,1690417561
